{"type":"FeatureCollection","name":"upper_township_road_centerlines","metadata":{"source":"NJOGIS NG911 Road Centerlines (Tran_road)","url":"https://services2.arcgis.com/XVOqAjTOJ5P6ngMu/arcgis/rest/services/Tran_road/FeatureServer/0","query_url":"https://services2.arcgis.com/XVOqAjTOJ5P6ngMu/arcgis/rest/services/Tran_road/FeatureServer/0/query","retrieved_at_utc":"2026-09-04T20:06:19.209886+00:00","source_last_edit_date":1785341586960,"out_sr":4326,"query_envelope_wgs84":[-74.7294736,39.1693206,-74.6426732,39.2474434],"spatial_relationship":"esriSpatialRelIntersects","boundary_file":"upper_township_boundary.geojson","boundary_sha256":"6302cbbf2860ec54bdea78f562aa127cc506424ed8f8d1bd4c991391a2e3aef4","fields":["OBJECTID","PRIMENAME","ELEVTYP_F","ELEVTYP_T"],"feature_count":758,"complete_objectid_inventory_verified":true,"municipal_clipping":"Envelope selection only; clip against the actual municipal boundary in the application."},"features":[{"type":"Feature","id":178,"properties":{"OBJECTID":178,"PRIMENAME":"Unnamed Segment","ELEVTYP_F":0,"ELEVTYP_T":0},"geometry":{"type":"LineString","coordinates":[[-74.7273681791929,39.1980027351392],[-74.7277517006549,39.1978188691492]]}},{"type":"Feature","id":186,"properties":{"OBJECTID":186,"PRIMENAME":"Unnamed Segment","ELEVTYP_F":0,"ELEVTYP_T":0},"geometry":{"type":"LineString","coordinates":[[-74.7148173532202,39.1996059482833],[-74.714751986671,39.1996722394993],[-74.7145557516675,39.1998946060039]]}},{"type":"Feature","id":594,"properties":{"OBJECTID":594,"PRIMENAME":"Unnamed Segment","ELEVTYP_F":0,"ELEVTYP_T":0},"geometry":{"type":"LineString","coordinates":[[-74.7219723417406,39.201210943236],[-74.7218048095593,39.2011303566911],[-74.7215738287473,39.2010006411465],[-74.7214514698191,39.2009076555838],[-74.7214249144358,39.2008879201593]]}},{"type":"Feature","id":1722,"properties":{"OBJECTID":1722,"PRIMENAME":"Alexa Road","ELEVTYP_F":0,"ELEVTYP_T":0},"geometry":{"type":"LineString","coordinates":[[-74.7144381919983,39.2068766311097],[-74.7133458837852,39.2078745442995]]}},{"type":"Feature","id":1961,"properties":{"OBJECTID":1961,"PRIMENAME":"Shady Oaks Drive","ELEVTYP_F":0,"ELEVTYP_T":0},"geometry":{"type":"LineString","coordinates":[[-74.7114395856815,39.2208549345288],[-74.7115195835203,39.2208929349479],[-74.7116025844927,39.2209479339247],[-74.7116535869413,39.2209909333748],[-74.7117245857909,39.2210059355961],[-74.7118015842155,39.2209679355385],[-74.7118415854258,39.2209329331165],[-74.7118895854469,39.2208909337977],[-74.7119805857559,39.2208119329952],[-74.7120415846398,39.2207689343589],[-74.7120975855509,39.2207149330437],[-74.7121415849521,39.220675934362],[-74.7121895839228,39.2206329340978],[-74.7122405839434,39.2205889356309],[-74.7122878293354,39.2205522416086],[-74.7124375859725,39.2204359335755],[-74.7125425854174,39.2203769358558],[-74.712607585632,39.2203169336577],[-74.7126505862241,39.220277934803],[-74.7126985860159,39.220236934168],[-74.7128235849301,39.2201149343491],[-74.7128685844669,39.2200599357193],[-74.7128655841698,39.2199929347503],[-74.7127265857728,39.2198779346437],[-74.7126745864539,39.2198499335955],[-74.7126185845834,39.2198199336806],[-74.7125655857103,39.2197949350733],[-74.7125135865164,39.2197669339526],[-74.7124335847616,39.2197189331979],[-74.7123575859047,39.219654935354],[-74.7123165856864,39.2196209334814]]}},{"type":"Feature","id":2529,"properties":{"OBJECTID":2529,"PRIMENAME":"Unnamed Segment","ELEVTYP_F":0,"ELEVTYP_T":0},"geometry":{"type":"LineString","coordinates":[[-74.7145256615092,39.2018926993772],[-74.7145630937988,39.2019778357319],[-74.7145381669531,39.2020404192611],[-74.7144779935908,39.2020757066768],[-74.7143875701518,39.2020758731042],[-74.7142718419345,39.2020135501801],[-74.7138893187285,39.2017680139788],[-74.7137245512759,39.2016622558781],[-74.7135821798053,39.2015340671829],[-74.7134467582925,39.2014121344752],[-74.7133092045993,39.2012882840339],[-74.7131490866098,39.2011760567218]]}},{"type":"Feature","id":2615,"properties":{"OBJECTID":2615,"PRIMENAME":"Post Oak Drive","ELEVTYP_F":0,"ELEVTYP_T":0},"geometry":{"type":"LineString","coordinates":[[-74.7099845828054,39.2190579337067],[-74.7100465845839,39.2189979347246],[-74.7100825849073,39.2189619347823],[-74.7101175829416,39.2189199335028],[-74.7101705856883,39.2188399342334],[-74.7102105858451,39.21880393334],[-74.7102485848167,39.218767933342],[-74.7102925836735,39.2187249329574],[-74.7103355829731,39.2186939334218],[-74.7103795836053,39.2186589332757],[-74.7104295856441,39.2186019348029],[-74.7104545829253,39.2185229336594],[-74.7104695855496,39.218463935491],[-74.7105195842586,39.2184299333839]]}},{"type":"Feature","id":3461,"properties":{"OBJECTID":3461,"PRIMENAME":"Pin Oak Drive","ELEVTYP_F":0,"ELEVTYP_T":0},"geometry":{"type":"LineString","coordinates":[[-74.6772445457727,39.2448392660168],[-74.6774668816883,39.2446080392554],[-74.6780200710761,39.2440376220805]]}},{"type":"Feature","id":3667,"properties":{"OBJECTID":3667,"PRIMENAME":"North Drive","ELEVTYP_F":0,"ELEVTYP_T":0},"geometry":{"type":"LineString","coordinates":[[-74.6852820890449,39.2274493960673],[-74.6855259112612,39.2275337048603]]}},{"type":"Feature","id":3716,"properties":{"OBJECTID":3716,"PRIMENAME":"Unnamed Segment","ELEVTYP_F":0,"ELEVTYP_T":0},"geometry":{"type":"LineString","coordinates":[[-74.7130122971419,39.2000858294108],[-74.7128499138904,39.2001115828329],[-74.7126696720947,39.2003097800055],[-74.7124104271341,39.2005454965251],[-74.7124162756665,39.2006114439682],[-74.7128723532791,39.2009534884718]]}},{"type":"Feature","id":3873,"properties":{"OBJECTID":3873,"PRIMENAME":"Seaside Avenue","ELEVTYP_F":0,"ELEVTYP_T":0},"geometry":{"type":"LineString","coordinates":[[-74.6674219502523,39.2411477277416],[-74.6680702709006,39.2416826502699],[-74.6691131252302,39.2425594716328],[-74.6693979236457,39.2427890398378]]}},{"type":"Feature","id":3914,"properties":{"OBJECTID":3914,"PRIMENAME":"Unnamed Segment","ELEVTYP_F":0,"ELEVTYP_T":0},"geometry":{"type":"LineString","coordinates":[[-74.7183272766513,39.2052433929038],[-74.7185092224254,39.2050887635243]]}},{"type":"Feature","id":4235,"properties":{"OBJECTID":4235,"PRIMENAME":"South Pebble Drive","ELEVTYP_F":0,"ELEVTYP_T":0},"geometry":{"type":"LineString","coordinates":[[-74.7129815863836,39.2186529340444],[-74.7129555854536,39.2185889334383],[-74.7129145856495,39.2185139349767],[-74.7128425867002,39.2184519335713],[-74.7127695851139,39.2184049345802],[-74.712703585765,39.218361933255],[-74.7126265869419,39.2183119335991],[-74.71255932344,39.2182744007378]]}},{"type":"Feature","id":4430,"properties":{"OBJECTID":4430,"PRIMENAME":"Unnamed Segment","ELEVTYP_F":0,"ELEVTYP_T":0},"geometry":{"type":"LineString","coordinates":[[-74.71493074672,39.2041599921073],[-74.7146853578535,39.2042937308427]]}},{"type":"Feature","id":4765,"properties":{"OBJECTID":4765,"PRIMENAME":"Neptune Avenue","ELEVTYP_F":0,"ELEVTYP_T":0},"geometry":{"type":"LineString","coordinates":[[-74.6516809114406,39.2004336955995],[-74.6519589168726,39.2001060405702],[-74.652186682554,39.1998332824566],[-74.6522092815645,39.1998073053141]]}},{"type":"Feature","id":5471,"properties":{"OBJECTID":5471,"PRIMENAME":"Unnamed Segment","ELEVTYP_F":0,"ELEVTYP_T":0},"geometry":{"type":"LineString","coordinates":[[-74.7146853578535,39.2042937308427],[-74.7148750072693,39.2044582029498],[-74.7151289905098,39.204631385926],[-74.7155902055956,39.2049458661764],[-74.7166149243643,39.205614618044],[-74.7173289459567,39.2060918230107]]}},{"type":"Feature","id":5593,"properties":{"OBJECTID":5593,"PRIMENAME":"Plover Court","ELEVTYP_F":0,"ELEVTYP_T":0},"geometry":{"type":"LineString","coordinates":[[-74.6863430135922,39.2213581627382],[-74.6849583996958,39.2219771390438]]}},{"type":"Feature","id":6777,"properties":{"OBJECTID":6777,"PRIMENAME":"Unnamed Segment","ELEVTYP_F":0,"ELEVTYP_T":0},"geometry":{"type":"LineString","coordinates":[[-74.6876439767885,39.2383114668682],[-74.68773458116,39.2382252314738],[-74.6878024704449,39.2381368247064],[-74.687893649152,39.2380180918025],[-74.6880060618539,39.2378429111194],[-74.6880739527476,39.237754504186],[-74.6881135966045,39.2377191214143],[-74.6881531283934,39.2376417980727],[-74.6881757960307,39.2375482951712]]}},{"type":"Feature","id":6806,"properties":{"OBJECTID":6806,"PRIMENAME":"West Willard Road","ELEVTYP_F":0,"ELEVTYP_T":0},"geometry":{"type":"LineString","coordinates":[[-74.6548480204058,39.1994523452095],[-74.6555535747408,39.1999311696631]]}},{"type":"Feature","id":7220,"properties":{"OBJECTID":7220,"PRIMENAME":"Unnamed Segment","ELEVTYP_F":0,"ELEVTYP_T":0},"geometry":{"type":"LineString","coordinates":[[-74.7229410773559,39.2021762043176],[-74.7229134154718,39.2021466072354],[-74.7227703224784,39.2019323025468],[-74.7225911146145,39.2017338961144],[-74.7225819628216,39.2017270987981]]}},{"type":"Feature","id":7540,"properties":{"OBJECTID":7540,"PRIMENAME":"North Pebble Drive","ELEVTYP_F":0,"ELEVTYP_T":0},"geometry":{"type":"LineString","coordinates":[[-74.711215056761,39.2186331098415],[-74.7115934016449,39.2188588883981]]}},{"type":"Feature","id":7900,"properties":{"OBJECTID":7900,"PRIMENAME":"Unnamed Segment","ELEVTYP_F":0,"ELEVTYP_T":0},"geometry":{"type":"LineString","coordinates":[[-74.6719725634006,39.2332089750654],[-74.6720654800904,39.2330171496283],[-74.6723805595703,39.2326448244075],[-74.6727870289517,39.2321645002528],[-74.6728189176535,39.2321327680959]]}},{"type":"Feature","id":8132,"properties":{"OBJECTID":8132,"PRIMENAME":"Unnamed Segment","ELEVTYP_F":0,"ELEVTYP_T":0},"geometry":{"type":"LineString","coordinates":[[-74.6729101631253,39.2303892955029],[-74.672827774218,39.2306138476063],[-74.6721213648369,39.2315696551134],[-74.6720707961508,39.2316140695221]]}},{"type":"Feature","id":8194,"properties":{"OBJECTID":8194,"PRIMENAME":"West Rising Sun Drive","ELEVTYP_F":0,"ELEVTYP_T":0},"geometry":{"type":"LineString","coordinates":[[-74.7290837673822,39.1864750132194],[-74.728539055954,39.186106340479],[-74.7275744863023,39.1853943605427],[-74.7273322707982,39.185216386882],[-74.7271639574093,39.1850892298175],[-74.7270900706541,39.185032014948],[-74.7270079838413,39.1849588631121],[-74.7269503808866,39.1848856914576],[-74.7269051223248,39.1848220508972],[-74.726872208104,39.1847679414456],[-74.7268433087889,39.1847010557258],[-74.7268143532878,39.1846055055221],[-74.7267935592234,39.1845131238779],[-74.7267481719457,39.1843984944102],[-74.7266946472739,39.1843093617885],[-74.7266330086052,39.1842425676278],[-74.7265344605135,39.1841630776549],[-74.7263826187808,39.1840550256621],[-74.7260703409456,39.1838652412499]]}},{"type":"Feature","id":8321,"properties":{"OBJECTID":8321,"PRIMENAME":"East Webster Avenue","ELEVTYP_F":0,"ELEVTYP_T":0},"geometry":{"type":"LineString","coordinates":[[-74.655945880977,39.1981447282625],[-74.6566857375243,39.19864307788]]}},{"type":"Feature","id":8396,"properties":{"OBJECTID":8396,"PRIMENAME":"Edward Terrace","ELEVTYP_F":0,"ELEVTYP_T":0},"geometry":{"type":"LineString","coordinates":[[-74.6899461964455,39.233454430773],[-74.6890293409375,39.2327538112208],[-74.6881700717306,39.2320743986373],[-74.6880711312308,39.2320151956263],[-74.6879857419909,39.2319804074391],[-74.6878869202948,39.2319526159726],[-74.6877836361968,39.2319458353362],[-74.6876804238794,39.2319529488731],[-74.6873439570143,39.2320408042336]]}},{"type":"Feature","id":8432,"properties":{"OBJECTID":8432,"PRIMENAME":"Unnamed Segment","ELEVTYP_F":0,"ELEVTYP_T":0},"geometry":{"type":"LineString","coordinates":[[-74.7151566146354,39.1992618804464],[-74.7152612991258,39.1993273497223],[-74.7154302590021,39.1993864473875],[-74.7155950894032,39.1994080291365],[-74.7157480329687,39.1994859176321],[-74.715812646518,39.1995889830154],[-74.7159455661132,39.1996887949841],[-74.7161025495442,39.1997729273047],[-74.716275503302,39.1998226350522],[-74.7163156335592,39.1998388620295]]}},{"type":"Feature","id":8612,"properties":{"OBJECTID":8612,"PRIMENAME":"Killdeer Hill Road","ELEVTYP_F":0,"ELEVTYP_T":0},"geometry":{"type":"LineString","coordinates":[[-74.7287119379982,39.2448666224028],[-74.7287540310821,39.2448887793334],[-74.7288069378116,39.2449031453803],[-74.7288944750338,39.2449141211038],[-74.7289844604936,39.2449180628018],[-74.7290861868078,39.2449164899018],[-74.7291932610258,39.2449089483253],[-74.7293098168066,39.244896198324],[-74.7294742325547,39.2448763527001],[-74.729689577022,39.2448494042982],[-74.7298481237701,39.2448274825063],[-74.7299867596436,39.2448074402047],[-74.7301986800905,39.2447804156476],[-74.7303318320111,39.2447676318211],[-74.7304521854008,39.2447610510321],[-74.7305658173963,39.2447612648439],[-74.7306847684114,39.244768306181],[-74.7307925036005,39.2447794593726],[-74.7309493941737,39.2448019933313],[-74.7310855013079,39.2448290976697],[-74.7311834363988,39.244855976747],[-74.7312851798715,39.2448917708619],[-74.7313967841136,39.2449411648869],[-74.7314892808738,39.2449893599485],[-74.7316180352398,39.2450674398096],[-74.7317650868172,39.2451686019188],[-74.7319777842268,39.2453238610352],[-74.7321415382865,39.2454465704841],[-74.7323818877766,39.2456236575012],[-74.7325427984583,39.245750737454],[-74.7326266299588,39.2458367304453],[-74.7326781832164,39.2459112014403],[-74.7327142974853,39.2459935287351],[-74.7327311952191,39.2460635107642],[-74.7327304551047,39.2461385807677],[-74.7327172110977,39.2462234776412],[-74.732695106519,39.246309380421],[-74.7326570358803,39.2464253261031],[-74.7326565457171,39.2464266963375],[-74.7326004575029,39.2465833178455],[-74.7323871465909,39.2472705584465]]}},{"type":"Feature","id":8858,"properties":{"OBJECTID":8858,"PRIMENAME":"Winchester Court","ELEVTYP_F":0,"ELEVTYP_T":0},"geometry":{"type":"LineString","coordinates":[[-74.7158860765882,39.2190221231062],[-74.7156952483609,39.2189280776891],[-74.7155083865497,39.2188031909988],[-74.7153206212279,39.2186829449519],[-74.7152022031454,39.2186155366348],[-74.7150861615687,39.2185636640335],[-74.7149053159701,39.218512954947],[-74.7147019416013,39.2184706062718],[-74.7146105955967,39.2184374961151],[-74.7144903613057,39.2183764601884],[-74.714262272303,39.2182389069408],[-74.7139094468988,39.2180333228282],[-74.7136425327693,39.2178728297295],[-74.7134424212049,39.2177529338773],[-74.7131279208596,39.2175666071715],[-74.7128068235813,39.2173691438817],[-74.7124834926054,39.217179592165],[-74.7124713337083,39.2171724833668],[-74.7121896914082,39.2170078321152],[-74.7119184549071,39.2168391615594],[-74.711753168463,39.2167487430655],[-74.7115928661131,39.2166955745419],[-74.711451958976,39.2166714205827],[-74.7113001803356,39.2166592582128],[-74.7110927282293,39.2166552959106],[-74.7109524481674,39.216664143946],[-74.7108930886325,39.2166789412685],[-74.7108464799934,39.2166971476483],[-74.710817493196,39.2167180678526],[-74.7107980701598,39.2167384482625],[-74.7107875342408,39.2167562326095],[-74.7107748257266,39.2167794024491]]}},{"type":"Feature","id":9658,"properties":{"OBJECTID":9658,"PRIMENAME":"Mgm Way","ELEVTYP_F":0,"ELEVTYP_T":0},"geometry":{"type":"LineString","coordinates":[[-74.6881503941552,39.2257235511513],[-74.6884297836015,39.2258206828058],[-74.6884684186462,39.2258376246602],[-74.688502361891,39.2258598289365],[-74.6885716557004,39.2259111172151],[-74.6891040156438,39.2263097585701],[-74.6891449495213,39.2263419191003],[-74.6891837975159,39.2263756084771],[-74.689239050468,39.2264299935647],[-74.689288874224,39.2264874640254],[-74.6895238850166,39.2268572345046],[-74.689527537419,39.2268630497215],[-74.6895731457312,39.2269287991715],[-74.689623819923,39.2269922651371],[-74.6896793717143,39.2270532117939],[-74.6897395946998,39.227111412678],[-74.6897859865825,39.2271517101501],[-74.6898346194012,39.2271903762804],[-74.6898853984291,39.2272273357526],[-74.6899382247586,39.2272625165742],[-74.6900621218905,39.2273586374597],[-74.6901695161636,39.2274419564449]]}},{"type":"Feature","id":9696,"properties":{"OBJECTID":9696,"PRIMENAME":"East Katherine Avenue","ELEVTYP_F":0,"ELEVTYP_T":0},"geometry":{"type":"LineString","coordinates":[[-74.696010628725,39.2149297309714],[-74.695578689716,39.2146427035277],[-74.6953326004017,39.2144622817529],[-74.6947832745914,39.2140606209351],[-74.6942755805356,39.2137145999903]]}},{"type":"Feature","id":10284,"properties":{"OBJECTID":10284,"PRIMENAME":"Unnamed Segment","ELEVTYP_F":0,"ELEVTYP_T":0},"geometry":{"type":"LineString","coordinates":[[-74.7220688231295,39.181965298324],[-74.7220609010232,39.181975471248],[-74.7217736769083,39.1821810782578],[-74.7214061530524,39.1823735678482]]}},{"type":"Feature","id":10778,"properties":{"OBJECTID":10778,"PRIMENAME":"FR GSP NB TO GSP NB","ELEVTYP_F":0,"ELEVTYP_T":0},"geometry":{"type":"LineString","coordinates":[[-74.7249206156161,39.1776243593567],[-74.7244995962253,39.1782363249021],[-74.7243664905648,39.1784244182912],[-74.7242788490886,39.178554049823],[-74.7242334059081,39.1786302768782],[-74.72419450899,39.1787014115032],[-74.7241491660261,39.1787979575975],[-74.7241038470825,39.1789021084876],[-74.724035823484,39.1790443597478],[-74.7239872392425,39.1791536516337],[-74.7239482978106,39.179222233286],[-74.7239093601303,39.1792807102359],[-74.7238947633782,39.17929952973]]}},{"type":"Feature","id":11112,"properties":{"OBJECTID":11112,"PRIMENAME":"Unnamed Segment","ELEVTYP_F":0,"ELEVTYP_T":0},"geometry":{"type":"LineString","coordinates":[[-74.7177646988143,39.2057215050246],[-74.717766586542,39.2057227662647],[-74.7179415944232,39.2058397030557],[-74.7183651146056,39.2061226910959],[-74.7188124829533,39.2064216054467],[-74.7190692370959,39.2065577530537],[-74.719357359641,39.2067544066814],[-74.7194520349663,39.2067866042897]]}},{"type":"Feature","id":11145,"properties":{"OBJECTID":11145,"PRIMENAME":"Commonwealth Avenue","ELEVTYP_F":0,"ELEVTYP_T":0},"geometry":{"type":"LineString","coordinates":[[-74.6616487443036,39.1917859382043],[-74.6611248981417,39.1923691365363],[-74.660302623392,39.1932874612492],[-74.6599527505118,39.1936837418978],[-74.6596237905153,39.1940457809198]]}},{"type":"Feature","id":11147,"properties":{"OBJECTID":11147,"PRIMENAME":"Unnamed Segment","ELEVTYP_F":0,"ELEVTYP_T":0},"geometry":{"type":"LineString","coordinates":[[-74.7154331326966,39.2038861848851],[-74.7152610567664,39.2039799697433]]}},{"type":"Feature","id":11329,"properties":{"OBJECTID":11329,"PRIMENAME":"Unnamed Segment","ELEVTYP_F":0,"ELEVTYP_T":0},"geometry":{"type":"LineString","coordinates":[[-74.728192532716,39.1885239817152],[-74.7285310086346,39.188153691364],[-74.728735861903,39.1882988994492],[-74.7288838224593,39.1884037813658],[-74.728932222462,39.1884889286805]]}},{"type":"Feature","id":11797,"properties":{"OBJECTID":11797,"PRIMENAME":"State Highway 50","ELEVTYP_F":0,"ELEVTYP_T":0},"geometry":{"type":"LineString","coordinates":[[-74.7168520915898,39.2470152130893],[-74.7168544398438,39.2470178148066],[-74.7171261938016,39.247324325299],[-74.7175744939938,39.2478299474064],[-74.7180933785862,39.2484118111947],[-74.7184795253234,39.248844308055],[-74.7190587480298,39.2494852519744],[-74.7196460559276,39.2501449040439],[-74.720048274898,39.2505835971539],[-74.7202614473487,39.2508263008318],[-74.7204785955157,39.2510409619979],[-74.72059425357,39.2511435974195],[-74.7207961908195,39.2513270957157],[-74.7209971332519,39.2514856643041],[-74.7211859654775,39.2516224276454],[-74.7213787854827,39.2517467445027],[-74.721607740448,39.2518958955972],[-74.7219772661499,39.2521289623077],[-74.7222624176218,39.2523029641413],[-74.7223206699306,39.2523386328282],[-74.7224552216096,39.2524210193956],[-74.7226342879676,39.2525165844679]]}},{"type":"Feature","id":12552,"properties":{"OBJECTID":12552,"PRIMENAME":"Belcroft Avenue","ELEVTYP_F":0,"ELEVTYP_T":0},"geometry":{"type":"LineString","coordinates":[[-74.7094139902252,39.2085593553811],[-74.7101430051597,39.2090341539754],[-74.7112440800196,39.2097517660493],[-74.7112706725431,39.2097690435249]]}},{"type":"Feature","id":12726,"properties":{"OBJECTID":12726,"PRIMENAME":"Unnamed Segment","ELEVTYP_F":0,"ELEVTYP_T":0},"geometry":{"type":"LineString","coordinates":[[-74.7159218745223,39.2036339504949],[-74.7162121182557,39.2037905579694],[-74.716466104667,39.2039637371428],[-74.7166232233216,39.2040708693983],[-74.7168604292792,39.2042573274463],[-74.7171107041964,39.2044540598688],[-74.7172951530635,39.2045990464042],[-74.7176034683631,39.2047710082964],[-74.7178195475745,39.204917768103],[-74.7179972942774,39.2050384886089],[-74.7183272766513,39.2052433929038]]}},{"type":"Feature","id":13021,"properties":{"OBJECTID":13021,"PRIMENAME":"Preswyck Lane","ELEVTYP_F":0,"ELEVTYP_T":0},"geometry":{"type":"LineString","coordinates":[[-74.7002076554659,39.2153751729379],[-74.7006249611271,39.2156098475622],[-74.7017143867194,39.2162016219823],[-74.7033483908515,39.2170858472997],[-74.7050183612518,39.2179915665322]]}},{"type":"Feature","id":13352,"properties":{"OBJECTID":13352,"PRIMENAME":"East Sumner Avenue","ELEVTYP_F":0,"ELEVTYP_T":0},"geometry":{"type":"LineString","coordinates":[[-74.657609516595,39.1962936677801],[-74.6569548254861,39.1959384003647],[-74.6563374954985,39.1955927441719]]}},{"type":"Feature","id":14719,"properties":{"OBJECTID":14719,"PRIMENAME":"Commonwealth Drive","ELEVTYP_F":0,"ELEVTYP_T":0},"geometry":{"type":"LineString","coordinates":[[-74.6548480204058,39.1994523452095],[-74.6546792307703,39.1995787915737],[-74.6545286830184,39.199720946562],[-74.6542449932895,39.2000410095211]]}},{"type":"Feature","id":15447,"properties":{"OBJECTID":15447,"PRIMENAME":"South Pebble Drive","ELEVTYP_F":0,"ELEVTYP_T":0},"geometry":{"type":"LineString","coordinates":[[-74.7114725852844,39.2176119341129],[-74.7114135834125,39.2175759341144],[-74.7113385831744,39.2175179332985],[-74.7112615835882,39.2174589334351],[-74.7112105847507,39.2174239331539],[-74.7111835846611,39.2174049340407],[-74.711109601459,39.2173600464246]]}},{"type":"Feature","id":16410,"properties":{"OBJECTID":16410,"PRIMENAME":"Black Jack Oak Drive","ELEVTYP_F":0,"ELEVTYP_T":0},"geometry":{"type":"LineString","coordinates":[[-74.7096545841206,39.2180299346537],[-74.7095415855274,39.2179949335079],[-74.7094675844544,39.2179649338125],[-74.7094015835548,39.2179229332382],[-74.7093595837056,39.2178919336767],[-74.7092775842275,39.2178319343616],[-74.7092265836415,39.2177949342736],[-74.7091735834342,39.2177619329371],[-74.7091075836161,39.2177299332135],[-74.7090315822035,39.2176879332624],[-74.7089895823306,39.2176439336798],[-74.7089375836141,39.2175959343111],[-74.7088785849208,39.2175789342416],[-74.7088045830761,39.2175699333861],[-74.7086895836867,39.2175839338758],[-74.7086225822919,39.2176109346705],[-74.7084885831754,39.217679934066],[-74.7084285844838,39.2177089337706],[-74.7083795848843,39.2177559339848],[-74.7083335843398,39.217798933631],[-74.7082655825014,39.2178629331205],[-74.7081945847666,39.2179289341646]]}},{"type":"Feature","id":16749,"properties":{"OBJECTID":16749,"PRIMENAME":"Dolores Avenue","ELEVTYP_F":0,"ELEVTYP_T":0},"geometry":{"type":"LineString","coordinates":[[-74.6670580379477,39.2463810281276],[-74.6669722385631,39.2463252755918],[-74.6669038675929,39.2462775982508],[-74.6668081254575,39.2461981365719],[-74.666004453881,39.2454748526193],[-74.6654088973573,39.2449516781945]]}},{"type":"Feature","id":17103,"properties":{"OBJECTID":17103,"PRIMENAME":"North Bayview Drive","ELEVTYP_F":0,"ELEVTYP_T":0},"geometry":{"type":"LineString","coordinates":[[-74.654227299476,39.2017566735164],[-74.6543420429069,39.2017129428386],[-74.6545536859226,39.2014492134732]]}},{"type":"Feature","id":18823,"properties":{"OBJECTID":18823,"PRIMENAME":"Unnamed Segment","ELEVTYP_F":0,"ELEVTYP_T":0},"geometry":{"type":"LineString","coordinates":[[-74.7292186224725,39.1991651281014],[-74.728968283137,39.1990626334938],[-74.7288131021466,39.1989990999123],[-74.7282225592906,39.198757318777],[-74.7278939513097,39.1986379295731],[-74.7277970910918,39.1986027387657],[-74.727706800893,39.198549180558],[-74.7275551919912,39.1984592502008],[-74.7272851842647,39.1982806104978],[-74.7272664950969,39.1982558596239]]}},{"type":"Feature","id":19434,"properties":{"OBJECTID":19434,"PRIMENAME":"Black Oak Drive","ELEVTYP_F":0,"ELEVTYP_T":0},"geometry":{"type":"LineString","coordinates":[[-74.6787711434638,39.2433055047136],[-74.6782945412683,39.2429079400233]]}},{"type":"Feature","id":19436,"properties":{"OBJECTID":19436,"PRIMENAME":"Sea Grove Road","ELEVTYP_F":0,"ELEVTYP_T":0},"geometry":{"type":"LineString","coordinates":[[-74.724229633728,39.1859379693606],[-74.7242925303479,39.1859776048702],[-74.7249260297171,39.1863768121846],[-74.7256149106997,39.1868139627781],[-74.7264334559227,39.1873591143037],[-74.7269609731406,39.1877361675309]]}},{"type":"Feature","id":20488,"properties":{"OBJECTID":20488,"PRIMENAME":"Commonwealth Drive","ELEVTYP_F":0,"ELEVTYP_T":0},"geometry":{"type":"LineString","coordinates":[[-74.6581165559857,39.1957282080125],[-74.657609516595,39.1962936677801]]}},{"type":"Feature","id":20522,"properties":{"OBJECTID":20522,"PRIMENAME":"New Bridge Road","ELEVTYP_F":0,"ELEVTYP_T":0},"geometry":{"type":"LineString","coordinates":[[-74.7065193765843,39.2116356329484],[-74.7065287422259,39.2107240855411],[-74.7065574093198,39.2103774406116],[-74.7065697051519,39.2102255791122],[-74.7065986039531,39.2099581474777],[-74.7066487518744,39.2097038582048],[-74.7066841970198,39.2095628286518]]}},{"type":"Feature","id":20809,"properties":{"OBJECTID":20809,"PRIMENAME":"Hope Corson Road","ELEVTYP_F":0,"ELEVTYP_T":0},"geometry":{"type":"LineString","coordinates":[[-74.6944242109176,39.2177207684395],[-74.6941014719498,39.2175236409451],[-74.6934275020326,39.2171119949801]]}},{"type":"Feature","id":20906,"properties":{"OBJECTID":20906,"PRIMENAME":"Butter Road","ELEVTYP_F":0,"ELEVTYP_T":0},"geometry":{"type":"LineString","coordinates":[[-74.6763269235591,39.2380592078111],[-74.6763730636575,39.2380843160895],[-74.6764517671838,39.2381135485582],[-74.6765524387358,39.2381451916226],[-74.67674433956,39.2381888871034],[-74.6770494689954,39.2382446560619],[-74.6775339014048,39.2383319466784],[-74.6777729691794,39.2383731525404],[-74.6778673501675,39.2384023880471],[-74.6779680759675,39.2384413328129],[-74.6780404974317,39.2384852365765],[-74.6781067026768,39.2385560295977],[-74.6781824688634,39.2386659633302],[-74.6783656088607,39.2389713374456],[-74.6787570817439,39.2396015400068],[-74.6789623268634,39.2399337598953],[-74.6794863725406,39.2407764964069],[-74.6799884214401,39.2415874958509],[-74.6805409840121,39.242483971671],[-74.6807787195915,39.2428529852412]]}},{"type":"Feature","id":21258,"properties":{"OBJECTID":21258,"PRIMENAME":"Unnamed Segment","ELEVTYP_F":0,"ELEVTYP_T":0},"geometry":{"type":"LineString","coordinates":[[-74.7293581294255,39.1797491269532],[-74.729439029068,39.1798071319794],[-74.7318652680093,39.1815466713644]]}},{"type":"Feature","id":21576,"properties":{"OBJECTID":21576,"PRIMENAME":"Unnamed Segment","ELEVTYP_F":0,"ELEVTYP_T":0},"geometry":{"type":"LineString","coordinates":[[-74.7152610567664,39.2039799697433],[-74.71493074672,39.2041599921073]]}},{"type":"Feature","id":21925,"properties":{"OBJECTID":21925,"PRIMENAME":"Wyndom Way","ELEVTYP_F":0,"ELEVTYP_T":0},"geometry":{"type":"LineString","coordinates":[[-74.6816102200386,39.239354129858],[-74.6817523158341,39.2393871316329],[-74.6818609705182,39.2394321565499],[-74.6819645142433,39.2394945978414],[-74.6821296047762,39.2395991988327],[-74.6823459480219,39.2397249987075],[-74.6825811069811,39.2398623839528],[-74.6828572348322,39.2400311694091],[-74.6830798700538,39.2401722252536],[-74.683268985222,39.2402947439425]]}},{"type":"Feature","id":22370,"properties":{"OBJECTID":22370,"PRIMENAME":"Unnamed Segment","ELEVTYP_F":0,"ELEVTYP_T":0},"geometry":{"type":"LineString","coordinates":[[-74.7194520349663,39.2067866042897],[-74.7195049351688,39.2067659025994],[-74.7195464458004,39.2067334484727],[-74.7195841209707,39.2066833416465],[-74.7195990434699,39.2066156186841],[-74.7196164069513,39.2065368126834],[-74.7196230061704,39.2065068646885]]}},{"type":"Feature","id":22430,"properties":{"OBJECTID":22430,"PRIMENAME":"Scarlet Oak Drive","ELEVTYP_F":0,"ELEVTYP_T":0},"geometry":{"type":"LineString","coordinates":[[-74.7107045839519,39.2204219337622],[-74.7107895848103,39.2204149345761],[-74.7108225859186,39.2203599350268],[-74.7108615850419,39.2203019338546],[-74.7108875858426,39.2202579352834],[-74.7109385853875,39.2201679337885],[-74.7109665863136,39.2201259350234],[-74.7109955849906,39.2200849325639],[-74.7110255860773,39.2200449354092],[-74.7110705841689,39.2199909337929],[-74.7111065866706,39.2199479340855],[-74.7111455843494,39.2199089340291],[-74.7111875851093,39.2198719328623],[-74.71125958538,39.2198049354839],[-74.7113055840697,39.2197599330561],[-74.7113625840006,39.2197769337127],[-74.7113935843785,39.2198169346793],[-74.7114185849352,39.219858933758],[-74.7114755849732,39.2198759343588],[-74.7114975857791,39.2198869349921]]}},{"type":"Feature","id":24118,"properties":{"OBJECTID":24118,"PRIMENAME":"State Highway 50","ELEVTYP_F":0,"ELEVTYP_T":0},"geometry":{"type":"LineString","coordinates":[[-74.7053878572408,39.2102864272599],[-74.7057580991694,39.2109304739764],[-74.7062116977181,39.2117144043842]]}},{"type":"Feature","id":25855,"properties":{"OBJECTID":25855,"PRIMENAME":"Unnamed Segment","ELEVTYP_F":0,"ELEVTYP_T":0},"geometry":{"type":"LineString","coordinates":[[-74.728192532716,39.1885239817152],[-74.7277885062801,39.1889067803058],[-74.7278168481995,39.1889615488002],[-74.7278717510606,39.1890264060421],[-74.7279870253603,39.1890665037097],[-74.7281425790927,39.1890998021741]]}},{"type":"Feature","id":25856,"properties":{"OBJECTID":25856,"PRIMENAME":"Unnamed Segment","ELEVTYP_F":0,"ELEVTYP_T":0},"geometry":{"type":"LineString","coordinates":[[-74.7180508037024,39.2054783577219],[-74.7180440884692,39.2054739652198],[-74.7176161786179,39.2052124708306],[-74.7173735237907,39.2050363300468],[-74.7171612640491,39.2049013370772],[-74.7167101338099,39.204590193587],[-74.7163576390019,39.2043470726362],[-74.7160885767317,39.2041614969188],[-74.7157634211469,39.2039372301124],[-74.7155573186542,39.2038220942535]]}},{"type":"Feature","id":25933,"properties":{"OBJECTID":25933,"PRIMENAME":"Unnamed Segment","ELEVTYP_F":0,"ELEVTYP_T":0},"geometry":{"type":"LineString","coordinates":[[-74.7265871413784,39.1963769783832],[-74.7266544293726,39.1964184047624],[-74.727208094688,39.1967592675039],[-74.7278376735871,39.1968145473434],[-74.7279048213142,39.1968204425922],[-74.7280273928141,39.1968312046468],[-74.7281026480079,39.1968378117872]]}},{"type":"Feature","id":26047,"properties":{"OBJECTID":26047,"PRIMENAME":"Black Oak Drive","ELEVTYP_F":0,"ELEVTYP_T":0},"geometry":{"type":"LineString","coordinates":[[-74.7102275844504,39.2182449346702],[-74.7101785839382,39.2183119349752],[-74.7101705830865,39.2183679351235],[-74.7101275846612,39.2184279332316],[-74.7100925842333,39.2184729333864],[-74.7100545861942,39.2185189352541],[-74.7100095855911,39.2185619355546],[-74.7099675841531,39.2186029323899],[-74.7099155834137,39.2186519330904],[-74.70983558425,39.2187259345041],[-74.7097585839543,39.218816934537],[-74.7097225838584,39.2188569340668],[-74.7096885842138,39.218895933666],[-74.7096405841883,39.2189519355006],[-74.7095925831645,39.2189519335927]]}},{"type":"Feature","id":27003,"properties":{"OBJECTID":27003,"PRIMENAME":"Unnamed Segment","ELEVTYP_F":0,"ELEVTYP_T":0},"geometry":{"type":"LineString","coordinates":[[-74.7238947633782,39.17929952973],[-74.7238572686104,39.179504987949],[-74.723799969159,39.1797120057006],[-74.7236842928295,39.1801782664442],[-74.7234755762161,39.1805561055738],[-74.7233376778081,39.1806817645533]]}},{"type":"Feature","id":27515,"properties":{"OBJECTID":27515,"PRIMENAME":"Unnamed Segment","ELEVTYP_F":0,"ELEVTYP_T":0},"geometry":{"type":"LineString","coordinates":[[-74.7288765357672,39.1974147184144],[-74.7292816380416,39.1972034223443]]}},{"type":"Feature","id":28790,"properties":{"OBJECTID":28790,"PRIMENAME":"Unnamed Segment","ELEVTYP_F":0,"ELEVTYP_T":0},"geometry":{"type":"LineString","coordinates":[[-74.6545536859226,39.2014492134732],[-74.6534773464539,39.2009059724651]]}},{"type":"Feature","id":29072,"properties":{"OBJECTID":29072,"PRIMENAME":"Unnamed Segment","ELEVTYP_F":0,"ELEVTYP_T":0},"geometry":{"type":"LineString","coordinates":[[-74.7135298160005,39.2008095699585],[-74.7139718048834,39.2008087104124],[-74.7140843748251,39.2008241393774],[-74.7141689082545,39.2008708867923],[-74.7142736702161,39.200961370227],[-74.7143346495471,39.2010140414761],[-74.7144467468895,39.2010517296446],[-74.7149453104359,39.2012193522674],[-74.7150100105334,39.2012633151488],[-74.7150543979228,39.2013226431646],[-74.7151915291775,39.2014849840166]]}},{"type":"Feature","id":29499,"properties":{"OBJECTID":29499,"PRIMENAME":"Unnamed Segment","ELEVTYP_F":0,"ELEVTYP_T":0},"geometry":{"type":"LineString","coordinates":[[-74.7273095050663,39.1879656145201],[-74.7270342583672,39.1881902203466],[-74.726975188706,39.1882384201963],[-74.7269193222992,39.1882554079547],[-74.7268783080207,39.1882678797089],[-74.7268185654688,39.1882533646613],[-74.7267407269073,39.1882176737397],[-74.7267002836025,39.188172949409],[-74.7266541042245,39.1881349555499],[-74.726651103054,39.1880968794909],[-74.7266566233067,39.1880229426323],[-74.7266880589966,39.1879932908503]]}},{"type":"Feature","id":31052,"properties":{"OBJECTID":31052,"PRIMENAME":"New Bridge Road","ELEVTYP_F":0,"ELEVTYP_T":0},"geometry":{"type":"LineString","coordinates":[[-74.7066841970198,39.2095628286518],[-74.7067284682863,39.2093868581705],[-74.7067618398107,39.2091887483485],[-74.706765658101,39.2090468145983],[-74.706748044379,39.2088289706373],[-74.7067131884862,39.2085088515685],[-74.7066914362383,39.2083240196071],[-74.7066398826711,39.2081227660813],[-74.7065366010326,39.2079485670486],[-74.7065060951498,39.207908231417],[-74.7064566731139,39.2078557374386],[-74.7063735917553,39.2077947100309]]}},{"type":"Feature","id":31391,"properties":{"OBJECTID":31391,"PRIMENAME":"Unnamed Segment","ELEVTYP_F":0,"ELEVTYP_T":0},"geometry":{"type":"LineString","coordinates":[[-74.7151566146354,39.1992618804464],[-74.7148173532202,39.1996059482833]]}},{"type":"Feature","id":32051,"properties":{"OBJECTID":32051,"PRIMENAME":"Unnamed Segment","ELEVTYP_F":0,"ELEVTYP_T":0},"geometry":{"type":"LineString","coordinates":[[-74.6710808197326,39.2489108787198],[-74.6705689683392,39.2484236005652],[-74.6703482158474,39.2482385020807],[-74.6701957097648,39.2480992158756],[-74.6700431511648,39.2479369728859],[-74.6699815936367,39.2478399365503],[-74.6698199945478,39.2476953662541],[-74.6695810502432,39.2474996954913],[-74.6695479980255,39.2474702982993]]}},{"type":"Feature","id":32892,"properties":{"OBJECTID":32892,"PRIMENAME":"Alexa Road","ELEVTYP_F":0,"ELEVTYP_T":0},"geometry":{"type":"LineString","coordinates":[[-74.7160736771425,39.2053951371983],[-74.7155405937799,39.205877617773]]}},{"type":"Feature","id":33402,"properties":{"OBJECTID":33402,"PRIMENAME":"Belcroft Avenue","ELEVTYP_F":0,"ELEVTYP_T":0},"geometry":{"type":"LineString","coordinates":[[-74.7063735917553,39.2077947100309],[-74.7066216438787,39.2076672800499],[-74.7068927215679,39.2075215487819],[-74.7070155559831,39.2074552959744],[-74.707121464219,39.2074056015995],[-74.7072062540528,39.2073757422801],[-74.7072995690342,39.2073524843423],[-74.7074013425789,39.2073490079605],[-74.7074862499638,39.207358769531],[-74.7075923702808,39.2073816715168],[-74.7076943602944,39.2074277006275],[-74.7080112702756,39.2076378164449]]}},{"type":"Feature","id":35211,"properties":{"OBJECTID":35211,"PRIMENAME":"Unnamed Segment","ELEVTYP_F":0,"ELEVTYP_T":0},"geometry":{"type":"LineString","coordinates":[[-74.724913469995,39.2035379081324],[-74.7254266553308,39.2027010805213],[-74.7255355419748,39.2025662430373]]}},{"type":"Feature","id":37850,"properties":{"OBJECTID":37850,"PRIMENAME":"Pastime Place","ELEVTYP_F":0,"ELEVTYP_T":0},"geometry":{"type":"LineString","coordinates":[[-74.7006336826417,39.2112081102328],[-74.7004672108072,39.211038435093],[-74.7003529016027,39.2109294887667],[-74.700260625112,39.2108613887027],[-74.7000497642792,39.2107321239934],[-74.699689527134,39.2105109689544],[-74.6992471104083,39.2102492727056],[-74.699131657042,39.2101809798608]]}},{"type":"Feature","id":38833,"properties":{"OBJECTID":38833,"PRIMENAME":"East Randolph Avenue","ELEVTYP_F":0,"ELEVTYP_T":0},"geometry":{"type":"LineString","coordinates":[[-74.6586172828008,39.1951680253663],[-74.6583114697285,39.1950007311149]]}},{"type":"Feature","id":39986,"properties":{"OBJECTID":39986,"PRIMENAME":null,"ELEVTYP_F":0,"ELEVTYP_T":0},"geometry":{"type":"LineString","coordinates":[[-74.704517950484,39.2080560329707],[-74.7043408977949,39.2082062457221],[-74.7043035925749,39.2082313993233],[-74.7042626171484,39.2082542784407],[-74.7042355516539,39.2082652052413],[-74.7042121577113,39.2082724862381],[-74.704192053421,39.2082757914975],[-74.7041665436922,39.2082781711627],[-74.7041470327136,39.2082784395703],[-74.704127817089,39.2082775390778],[-74.7041119010719,39.2082756986384],[-74.7040893741557,39.2082713006049],[-74.7040653359918,39.2082636351937],[-74.7040361821623,39.208251542139],[-74.7039826673334,39.2082238433788],[-74.7039199506765,39.2081833121324]]}},{"type":"Feature","id":40375,"properties":{"OBJECTID":40375,"PRIMENAME":"Unnamed Segment","ELEVTYP_F":0,"ELEVTYP_T":0},"geometry":{"type":"LineString","coordinates":[[-74.7272664950969,39.1982558596239],[-74.7271477879853,39.1981821552178],[-74.72713641599,39.1981610708619],[-74.7271363253735,39.1981329290033],[-74.727170119533,39.1980976864727],[-74.7273681791929,39.1980027351392]]}},{"type":"Feature","id":41481,"properties":{"OBJECTID":41481,"PRIMENAME":"Unnamed Segment","ELEVTYP_F":0,"ELEVTYP_T":0},"geometry":{"type":"LineString","coordinates":[[-74.7233376778081,39.1806817645533],[-74.7229336354873,39.1808547439096],[-74.7220688231295,39.181965298324]]}},{"type":"Feature","id":43246,"properties":{"OBJECTID":43246,"PRIMENAME":"Unnamed Segment","ELEVTYP_F":0,"ELEVTYP_T":0},"geometry":{"type":"LineString","coordinates":[[-74.7177079662001,39.2004171907252],[-74.7173590591099,39.2006492265779]]}},{"type":"Feature","id":48029,"properties":{"OBJECTID":48029,"PRIMENAME":"Osprey Drive","ELEVTYP_F":0,"ELEVTYP_T":0},"geometry":{"type":"LineString","coordinates":[[-74.6879716267885,39.2229557924974],[-74.6879460032393,39.2229367984031],[-74.6879281058876,39.2229235382335],[-74.6878870391984,39.2228691565102],[-74.6878521189959,39.2228122371311],[-74.6878236023327,39.222753198573],[-74.6878016999715,39.2226924738001],[-74.6877865729213,39.2226305138724],[-74.6877927784126,39.2225897341017],[-74.6877919602342,39.222548676487],[-74.6877841353862,39.222508066169],[-74.687769440148,39.2224686253922],[-74.6877481358179,39.2224310545789],[-74.6877205982525,39.2223960188331],[-74.6871791677608,39.2220019760625]]}},{"type":"Feature","id":48653,"properties":{"OBJECTID":48653,"PRIMENAME":"Lauradell Drive","ELEVTYP_F":0,"ELEVTYP_T":0},"geometry":{"type":"LineString","coordinates":[[-74.7232272750994,39.1981365097111],[-74.7233364183216,39.1982697166795],[-74.7234378557656,39.1983874791184],[-74.7235223506243,39.1984703486613],[-74.7236687042948,39.1985749545225],[-74.7239388707269,39.1987535959947],[-74.7245578659773,39.1991326075929],[-74.7255821366952,39.1997817547605],[-74.7261061739602,39.2001113717247],[-74.7271531830817,39.2007699150544],[-74.7272929713967,39.2008578375777]]}},{"type":"Feature","id":48958,"properties":{"OBJECTID":48958,"PRIMENAME":"Prosit Lane","ELEVTYP_F":0,"ELEVTYP_T":0},"geometry":{"type":"LineString","coordinates":[[-74.6940019204687,39.2239696420264],[-74.6953371510582,39.2231735093127]]}},{"type":"Feature","id":49247,"properties":{"OBJECTID":49247,"PRIMENAME":"South Pebble Drive","ELEVTYP_F":0,"ELEVTYP_T":0},"geometry":{"type":"LineString","coordinates":[[-74.7103504451419,39.2169400669679],[-74.7099409478494,39.2167032503056]]}},{"type":"Feature","id":49697,"properties":{"OBJECTID":49697,"PRIMENAME":"Unnamed Segment","ELEVTYP_F":0,"ELEVTYP_T":0},"geometry":{"type":"LineString","coordinates":[[-74.7206184903412,39.1895934880163],[-74.7211665986055,39.1899554204567],[-74.7212340282264,39.1899999468221],[-74.721247639712,39.1900255605345],[-74.7212603568997,39.1900494931843],[-74.7212477673237,39.1900662582034],[-74.7211718862828,39.1901255970168],[-74.7211529725357,39.1901589304711],[-74.7211578427375,39.1901959185084],[-74.721176918855,39.1902143818399],[-74.7216057280633,39.1905095425956],[-74.7216675892897,39.190527922661],[-74.7217627094768,39.1905388417427],[-74.7218567782006,39.1905496384336],[-74.721933839768,39.1905311164501],[-74.7220363239533,39.1905064833549],[-74.7220905558421,39.1904753228205],[-74.7223987514058,39.1902120560756]]}},{"type":"Feature","id":50038,"properties":{"OBJECTID":50038,"PRIMENAME":"Unnamed Segment","ELEVTYP_F":0,"ELEVTYP_T":0},"geometry":{"type":"LineString","coordinates":[[-74.7192826678116,39.2070665306842],[-74.7188544450187,39.2068289351895],[-74.7182137980372,39.2064063088796],[-74.717796903734,39.2061598573854],[-74.717485706885,39.2059586045636]]}},{"type":"Feature","id":50677,"properties":{"OBJECTID":50677,"PRIMENAME":"Unnamed Segment","ELEVTYP_F":0,"ELEVTYP_T":0},"geometry":{"type":"LineString","coordinates":[[-74.7161771873166,39.2035021842734],[-74.7159218745223,39.2036339504949]]}},{"type":"Feature","id":50787,"properties":{"OBJECTID":50787,"PRIMENAME":"New Vernon Avenue","ELEVTYP_F":0,"ELEVTYP_T":0},"geometry":{"type":"LineString","coordinates":[[-74.7104592976287,39.2134071626524],[-74.7095405529761,39.2143434906068],[-74.7094208736854,39.2144654567379]]}},{"type":"Feature","id":51990,"properties":{"OBJECTID":51990,"PRIMENAME":"Kathy Jo Way","ELEVTYP_F":0,"ELEVTYP_T":0},"geometry":{"type":"LineString","coordinates":[[-74.698060273613,39.2210461556148],[-74.6975577218886,39.2215387703685]]}},{"type":"Feature","id":52271,"properties":{"OBJECTID":52271,"PRIMENAME":"Sea Isle Boulevard","ELEVTYP_F":0,"ELEVTYP_T":0},"geometry":{"type":"LineString","coordinates":[[-74.7297590402975,39.1715977897047],[-74.7296601519943,39.1714306856029],[-74.7295257113304,39.1712323500414],[-74.7294475784859,39.1711235241873],[-74.7293382707013,39.1709954033393],[-74.7292321298849,39.1708866054279],[-74.729154106772,39.1708116893838],[-74.7291125462083,39.1707766807762]]}},{"type":"Feature","id":52383,"properties":{"OBJECTID":52383,"PRIMENAME":"Canterbury Lane","ELEVTYP_F":0,"ELEVTYP_T":0},"geometry":{"type":"LineString","coordinates":[[-74.7048437078076,39.2263108752865],[-74.7029351742577,39.2268472446556],[-74.70144491861,39.2272753930075],[-74.7010217661239,39.2273927075346],[-74.7009152611722,39.2274307819616]]}},{"type":"Feature","id":53047,"properties":{"OBJECTID":53047,"PRIMENAME":"Argoe Drive","ELEVTYP_F":0,"ELEVTYP_T":0},"geometry":{"type":"LineString","coordinates":[[-74.7139255101865,39.1967103562934],[-74.7134869043349,39.1964227750678],[-74.7128558943222,39.1960103648631],[-74.7126679412729,39.1958994785203],[-74.7125969864066,39.1958546320777],[-74.7125225112823,39.1958244548865],[-74.7123215402301,39.1957613944789],[-74.712131442161,39.1957232183832],[-74.7119883656373,39.1956678775209],[-74.7118675793438,39.1956090088228],[-74.7117064675607,39.1955050454627],[-74.7113395334968,39.1952728451281],[-74.7106218804067,39.1947972989566],[-74.7105026516109,39.1947182905721]]}},{"type":"Feature","id":53469,"properties":{"OBJECTID":53469,"PRIMENAME":"Kruk Terrace","ELEVTYP_F":0,"ELEVTYP_T":0},"geometry":{"type":"LineString","coordinates":[[-74.7070219665604,39.2138218324843],[-74.7068472891115,39.2137498474591],[-74.7067462648261,39.2136988460648],[-74.7062542108742,39.2134097136675],[-74.705423856504,39.2129028345031],[-74.7046945709065,39.2124469804886]]}},{"type":"Feature","id":53803,"properties":{"OBJECTID":53803,"PRIMENAME":"FR GSP TO US 9","ELEVTYP_F":0,"ELEVTYP_T":0},"geometry":{"type":"LineString","coordinates":[[-74.7041315600745,39.2085657483389],[-74.7042115372967,39.2086004136238],[-74.7042124214441,39.2086010435573]]}},{"type":"Feature","id":53822,"properties":{"OBJECTID":53822,"PRIMENAME":"Black Oak Drive","ELEVTYP_F":0,"ELEVTYP_T":0},"geometry":{"type":"LineString","coordinates":[[-74.6796295290452,39.2440216142668],[-74.6787711434638,39.2433055047136]]}},{"type":"Feature","id":54496,"properties":{"OBJECTID":54496,"PRIMENAME":"South Pebble Drive","ELEVTYP_F":0,"ELEVTYP_T":0},"geometry":{"type":"LineString","coordinates":[[-74.7122765852492,39.2180969338144],[-74.7122245853416,39.2180609322808],[-74.7121555842759,39.2180169343869],[-74.7120805859475,39.2179699349929],[-74.7119925832169,39.2179169344616],[-74.7119435836242,39.2178869331784],[-74.7118945847737,39.2178579353983]]}},{"type":"Feature","id":54930,"properties":{"OBJECTID":54930,"PRIMENAME":"Caviar Drive","ELEVTYP_F":0,"ELEVTYP_T":0},"geometry":{"type":"LineString","coordinates":[[-74.7085275796867,39.2169569665855],[-74.7087865848311,39.2168529332611],[-74.7088585841931,39.2168269341407],[-74.708882584383,39.2168159325031],[-74.708929584485,39.2167979342988],[-74.7090005836941,39.216770932458],[-74.7090755837366,39.2167419334584],[-74.7091455838136,39.2167119326551],[-74.7092065834255,39.2166799328151],[-74.7092725824397,39.2166429342606],[-74.7093365838573,39.2166149331525],[-74.709396584468,39.2165749329282],[-74.7095536028708,39.2164792408946]]}},{"type":"Feature","id":55085,"properties":{"OBJECTID":55085,"PRIMENAME":"Cedarcrest Court","ELEVTYP_F":0,"ELEVTYP_T":0},"geometry":{"type":"LineString","coordinates":[[-74.6883914704528,39.2191873221916],[-74.6871107838046,39.2203066818716]]}},{"type":"Feature","id":55239,"properties":{"OBJECTID":55239,"PRIMENAME":"Garden State Parkway","ELEVTYP_F":0,"ELEVTYP_T":0},"geometry":{"type":"LineString","coordinates":[[-74.6719725634006,39.2332089750654],[-74.6720644863267,39.233119616746],[-74.6722487347621,39.2329405047277],[-74.6724351107873,39.2327593227626],[-74.6729762553517,39.2321936413692],[-74.6733246627476,39.2318141574128],[-74.6737830664681,39.2312879137561],[-74.6739911142996,39.2310357170096]]}},{"type":"Feature","id":55321,"properties":{"OBJECTID":55321,"PRIMENAME":"Old Stagecoach Road","ELEVTYP_F":0,"ELEVTYP_T":0},"geometry":{"type":"LineString","coordinates":[[-74.6770491793347,39.2466693419372],[-74.6767428576078,39.2469830119208]]}},{"type":"Feature","id":55340,"properties":{"OBJECTID":55340,"PRIMENAME":"Shelia Avenue","ELEVTYP_F":0,"ELEVTYP_T":0},"geometry":{"type":"LineString","coordinates":[[-74.7077664572411,39.2195462486601],[-74.7067044793443,39.2207420667597]]}},{"type":"Feature","id":55500,"properties":{"OBJECTID":55500,"PRIMENAME":"3rd Street","ELEVTYP_F":0,"ELEVTYP_T":0},"geometry":{"type":"LineString","coordinates":[[-74.6855644746916,39.2263270806218],[-74.6851550850029,39.2266541827666]]}},{"type":"Feature","id":56613,"properties":{"OBJECTID":56613,"PRIMENAME":"Unnamed Segment","ELEVTYP_F":0,"ELEVTYP_T":0},"geometry":{"type":"LineString","coordinates":[[-74.714189512989,39.2002947309639],[-74.7135298160005,39.2008095699585]]}},{"type":"Feature","id":57342,"properties":{"OBJECTID":57342,"PRIMENAME":"Caledomia Drive","ELEVTYP_F":0,"ELEVTYP_T":0},"geometry":{"type":"LineString","coordinates":[[-74.7133458837852,39.2078745442995],[-74.7135890647657,39.2080306615209],[-74.7145783287065,39.2087065467311],[-74.7151379655635,39.2090982385722],[-74.7155140337691,39.2093582234989],[-74.7158721570485,39.2096008336784],[-74.7162257432912,39.2098365039513],[-74.7164406381972,39.2099716620582],[-74.7168712134298,39.2102503209133],[-74.7170135716718,39.2103424514152]]}},{"type":"Feature","id":60237,"properties":{"OBJECTID":60237,"PRIMENAME":"4th Street","ELEVTYP_F":0,"ELEVTYP_T":0},"geometry":{"type":"LineString","coordinates":[[-74.6720861079966,39.1800401608658],[-74.6728661497948,39.1804264867898]]}},{"type":"Feature","id":60615,"properties":{"OBJECTID":60615,"PRIMENAME":"Shady Oaks Drive","ELEVTYP_F":0,"ELEVTYP_T":0},"geometry":{"type":"LineString","coordinates":[[-74.7113865840425,39.2189049341718],[-74.7113345833913,39.2188799340889],[-74.7112735846227,39.2188499344787],[-74.7111255856928,39.2187789336039],[-74.7110975856108,39.2187649349959]]}},{"type":"Feature","id":62590,"properties":{"OBJECTID":62590,"PRIMENAME":"Corsons Tavern Road","ELEVTYP_F":0,"ELEVTYP_T":0},"geometry":{"type":"LineString","coordinates":[[-74.7200330795472,39.1998138371608],[-74.7198436330875,39.1999123018338],[-74.7198399342643,39.1999142311913]]}},{"type":"Feature","id":63261,"properties":{"OBJECTID":63261,"PRIMENAME":"Shady Oaks Drive","ELEVTYP_F":0,"ELEVTYP_T":0},"geometry":{"type":"LineString","coordinates":[[-74.7107045839519,39.2204219337622],[-74.7107845849489,39.2204659342126],[-74.7108395847041,39.2205009355263],[-74.7109045853769,39.2205369339433],[-74.7109925838153,39.2205919333193]]}},{"type":"Feature","id":63568,"properties":{"OBJECTID":63568,"PRIMENAME":"Unnamed Segment","ELEVTYP_F":0,"ELEVTYP_T":0},"geometry":{"type":"LineString","coordinates":[[-74.7224438829033,39.1878564741222],[-74.7214167386342,39.1872086725678]]}},{"type":"Feature","id":63731,"properties":{"OBJECTID":63731,"PRIMENAME":"1st Street","ELEVTYP_F":0,"ELEVTYP_T":0},"geometry":{"type":"LineString","coordinates":[[-74.6860937798895,39.2273293953691],[-74.6864461138835,39.2270505738716]]}},{"type":"Feature","id":64271,"properties":{"OBJECTID":64271,"PRIMENAME":"Unnamed Segment","ELEVTYP_F":0,"ELEVTYP_T":0},"geometry":{"type":"LineString","coordinates":[[-74.6789041602497,39.2447659713628],[-74.6792204032127,39.244937796203],[-74.679234778323,39.2449784716303],[-74.6792302463537,39.2450672694865],[-74.6791828738839,39.2451487365691],[-74.6784850063395,39.2457602532632],[-74.6783330207501,39.2458677763205],[-74.6782618577792,39.2459492794429],[-74.6782098660137,39.2460862468051],[-74.6781863391617,39.2461898724452],[-74.6781960038669,39.2462490536707],[-74.6782199169322,39.2462971113073],[-74.6782818628097,39.2463340134459],[-74.6790202777264,39.2466954490321]]}},{"type":"Feature","id":64660,"properties":{"OBJECTID":64660,"PRIMENAME":"Commonwealth Drive","ELEVTYP_F":0,"ELEVTYP_T":0},"geometry":{"type":"LineString","coordinates":[[-74.6542449932895,39.2000410095211],[-74.6540562389653,39.2002538623596],[-74.6537730972353,39.2005696867972],[-74.6537686286767,39.2005746707026]]}},{"type":"Feature","id":64684,"properties":{"OBJECTID":64684,"PRIMENAME":"Laurel Ridge Road","ELEVTYP_F":0,"ELEVTYP_T":0},"geometry":{"type":"LineString","coordinates":[[-74.7123115767405,39.2219545483153],[-74.7131815878626,39.2211661141734],[-74.7132958586821,39.2210635716089],[-74.7133763424016,39.2210172134355],[-74.7134822852605,39.2209741028874],[-74.7136730725045,39.2209143361436],[-74.7137535958579,39.2208811847052],[-74.7138171849849,39.2208513586304],[-74.7138891707289,39.2208083109355],[-74.7139780798008,39.2207355227358],[-74.7141430889486,39.2205800857702],[-74.7151164859452,39.2197101452011],[-74.7158860765882,39.2190221231062]]}},{"type":"Feature","id":65345,"properties":{"OBJECTID":65345,"PRIMENAME":"Unnamed Segment","ELEVTYP_F":0,"ELEVTYP_T":0},"geometry":{"type":"LineString","coordinates":[[-74.724319691742,39.2017595668499],[-74.7242055620705,39.2018679900779],[-74.7238907642492,39.202396246567],[-74.7238075269832,39.2025230419633],[-74.7237422033782,39.2025970375196],[-74.7236423701528,39.2027101332712],[-74.7236405392852,39.2027122059985]]}},{"type":"Feature","id":68530,"properties":{"OBJECTID":68530,"PRIMENAME":"State Highway 50","ELEVTYP_F":0,"ELEVTYP_T":0},"geometry":{"type":"LineString","coordinates":[[-74.7042124214441,39.2086010435573],[-74.7046241623825,39.2091407103952]]}},{"type":"Feature","id":68822,"properties":{"OBJECTID":68822,"PRIMENAME":"Corsons Tavern Road","ELEVTYP_F":0,"ELEVTYP_T":0},"geometry":{"type":"LineString","coordinates":[[-74.7306758907073,39.194221428419],[-74.7299985020155,39.1945764665069],[-74.7292215744869,39.194988706686],[-74.7279638565023,39.1956507576146],[-74.7276411066899,39.1958210102478],[-74.7265871413784,39.1963769783832]]}},{"type":"Feature","id":68976,"properties":{"OBJECTID":68976,"PRIMENAME":"Unnamed Segment","ELEVTYP_F":0,"ELEVTYP_T":0},"geometry":{"type":"LineString","coordinates":[[-74.7230069641314,39.2009908730725],[-74.7231902972137,39.2010643921155],[-74.7233170807322,39.2011257093927],[-74.7234847026287,39.2012344347104],[-74.723501258386,39.2012423023559]]}},{"type":"Feature","id":69435,"properties":{"OBJECTID":69435,"PRIMENAME":"Unnamed Segment","ELEVTYP_F":0,"ELEVTYP_T":0},"geometry":{"type":"LineString","coordinates":[[-74.7266880589966,39.1879932908503],[-74.726956159751,39.1877404090295],[-74.7269609731406,39.1877361675309]]}},{"type":"Feature","id":69711,"properties":{"OBJECTID":69711,"PRIMENAME":"Shady Oaks Drive","ELEVTYP_F":0,"ELEVTYP_T":0},"geometry":{"type":"LineString","coordinates":[[-74.7119665867267,39.2191699332898],[-74.7119075837424,39.219137934142],[-74.7118055847068,39.2190989344228],[-74.7117405845742,39.2190759336782],[-74.7115675831114,39.2189949327514],[-74.7115165850692,39.2189629350807],[-74.7114615828109,39.2189399349433],[-74.7113865840425,39.2189049341718]]}},{"type":"Feature","id":69882,"properties":{"OBJECTID":69882,"PRIMENAME":"Bayview Avenue","ELEVTYP_F":0,"ELEVTYP_T":0},"geometry":{"type":"LineString","coordinates":[[-74.6681726446464,39.2406082370185],[-74.667920455526,39.2403959443292],[-74.66687703866,39.2395156256293]]}},{"type":"Feature","id":69885,"properties":{"OBJECTID":69885,"PRIMENAME":"Alexa Road","ELEVTYP_F":0,"ELEVTYP_T":0},"geometry":{"type":"LineString","coordinates":[[-74.7121967302403,39.2089215351961],[-74.7119351125506,39.2091597373542],[-74.7112706725431,39.2097690435249]]}},{"type":"Feature","id":69974,"properties":{"OBJECTID":69974,"PRIMENAME":"Unnamed Segment","ELEVTYP_F":0,"ELEVTYP_T":0},"geometry":{"type":"LineString","coordinates":[[-74.7210964901759,39.2006438253687],[-74.7207354578664,39.2003754941527],[-74.7205555487991,39.2002200276711]]}},{"type":"Feature","id":70222,"properties":{"OBJECTID":70222,"PRIMENAME":"Williams Way","ELEVTYP_F":0,"ELEVTYP_T":0},"geometry":{"type":"LineString","coordinates":[[-74.7021211365601,39.2248513311224],[-74.7012813127309,39.2251569855335],[-74.701110881981,39.2252201298763],[-74.7009988052445,39.2252587355907],[-74.7009494383492,39.2252657949853],[-74.7009045806918,39.2252693594709],[-74.7008507006774,39.2252659652743],[-74.7008012753031,39.2252521020407],[-74.7007068419339,39.2251894148132],[-74.6998567373146,39.2245868702097],[-74.6991109926285,39.224045837019]]}},{"type":"Feature","id":70317,"properties":{"OBJECTID":70317,"PRIMENAME":"Sparks Court","ELEVTYP_F":0,"ELEVTYP_T":0},"geometry":{"type":"LineString","coordinates":[[-74.6895608516332,39.2199951429983],[-74.6896506181973,39.2200616358224],[-74.6897450818897,39.2201417946306],[-74.6898395739733,39.2202324146582],[-74.6899296397808,39.2203439924368],[-74.6899972909601,39.2204556058032],[-74.6900376545699,39.2205519603409],[-74.6900966609931,39.2206928124855]]}},{"type":"Feature","id":70390,"properties":{"OBJECTID":70390,"PRIMENAME":"Inlet Drive","ELEVTYP_F":0,"ELEVTYP_T":0},"geometry":{"type":"LineString","coordinates":[[-74.7107943415027,39.21838204294],[-74.7108869074709,39.2183396940175],[-74.7117432972639,39.2179241765023],[-74.7118945847737,39.2178579353983]]}},{"type":"Feature","id":71305,"properties":{"OBJECTID":71305,"PRIMENAME":"FR NJ 50 SB to US 9 SB","ELEVTYP_F":0,"ELEVTYP_T":0},"geometry":{"type":"LineString","coordinates":[[-74.7053878572408,39.2102864272599],[-74.7051018309047,39.2096535716276],[-74.70503613005,39.2095013259766],[-74.7049820050656,39.2093848914079],[-74.7049394906763,39.2092804084438],[-74.7049225728984,39.2092271999363],[-74.7048929723574,39.2091340879589],[-74.7048618404754,39.2090116547827],[-74.7048385170337,39.2088922013311],[-74.7048188405047,39.2087279034476],[-74.7048067704861,39.2085457169738],[-74.7047909666527,39.208390362935],[-74.7047906283828,39.208273889544],[-74.7047980621314,39.2081842004421],[-74.7048093338735,39.2081035381357],[-74.7048321016438,39.2080078918927],[-74.7048701783786,39.2078972811248],[-74.7050235766237,39.2075872637281]]}},{"type":"Feature","id":71690,"properties":{"OBJECTID":71690,"PRIMENAME":"Old Stagecoach Road","ELEVTYP_F":0,"ELEVTYP_T":0},"geometry":{"type":"LineString","coordinates":[[-74.7050183612518,39.2179915665322],[-74.7047071585404,39.2183014211922],[-74.7042752361022,39.2187459726428]]}},{"type":"Feature","id":72072,"properties":{"OBJECTID":72072,"PRIMENAME":"1st Street","ELEVTYP_F":0,"ELEVTYP_T":0},"geometry":{"type":"LineString","coordinates":[[-74.6867809730101,39.2279242102917],[-74.6866594893335,39.2278900726209],[-74.6863796530979,39.2278114360036],[-74.6860401016278,39.2277058836349],[-74.6859312723424,39.2275537172532],[-74.6860937798895,39.2273293953691]]}},{"type":"Feature","id":72110,"properties":{"OBJECTID":72110,"PRIMENAME":"Commonwealth Avenue","ELEVTYP_F":0,"ELEVTYP_T":0},"geometry":{"type":"LineString","coordinates":[[-74.6591184911069,39.194605671553],[-74.6589519761188,39.1947933787503],[-74.6586172828008,39.1951680253663]]}},{"type":"Feature","id":72576,"properties":{"OBJECTID":72576,"PRIMENAME":"Sounds Avenue","ELEVTYP_F":0,"ELEVTYP_T":0},"geometry":{"type":"LineString","coordinates":[[-74.6736932607761,39.1827548138453],[-74.6737001661544,39.1827867336969],[-74.6736925362876,39.1828258719975],[-74.6736384715597,39.1828771885455],[-74.6735896857397,39.1829119137074],[-74.6734646335821,39.1830009242046],[-74.6732561013135,39.1832060945492]]}},{"type":"Feature","id":72938,"properties":{"OBJECTID":72938,"PRIMENAME":"Hope Corson Road","ELEVTYP_F":0,"ELEVTYP_T":0},"geometry":{"type":"LineString","coordinates":[[-74.7046808500537,39.2239129823025],[-74.7044363474381,39.2238000953945],[-74.7042580217858,39.2237069705592],[-74.7038790304282,39.2234860267741],[-74.7035847615877,39.2233134226731],[-74.7020421108614,39.2224055677097],[-74.7012073673223,39.2218965527062]]}},{"type":"Feature","id":73021,"properties":{"OBJECTID":73021,"PRIMENAME":"Old Stagecoach Road","ELEVTYP_F":0,"ELEVTYP_T":0},"geometry":{"type":"LineString","coordinates":[[-74.6796295290452,39.2440216142668],[-74.6789041602497,39.2447659713628]]}},{"type":"Feature","id":73214,"properties":{"OBJECTID":73214,"PRIMENAME":"Sandberg Place","ELEVTYP_F":0,"ELEVTYP_T":0},"geometry":{"type":"LineString","coordinates":[[-74.7047855598793,39.2166022491784],[-74.7046835095432,39.2165413666131],[-74.7032346958776,39.2156769876983],[-74.7029744306098,39.2155216859839],[-74.7029438121259,39.2155034146238]]}},{"type":"Feature","id":73508,"properties":{"OBJECTID":73508,"PRIMENAME":"Sea Grove Road","ELEVTYP_F":0,"ELEVTYP_T":0},"geometry":{"type":"LineString","coordinates":[[-74.7273095050663,39.1879656145201],[-74.7275922480413,39.1881517498177]]}},{"type":"Feature","id":73651,"properties":{"OBJECTID":73651,"PRIMENAME":"Unnamed Segment","ELEVTYP_F":0,"ELEVTYP_T":0},"geometry":{"type":"LineString","coordinates":[[-74.7268367241289,39.2033490114539],[-74.7260659568961,39.2040382258898]]}},{"type":"Feature","id":73806,"properties":{"OBJECTID":73806,"PRIMENAME":"Unnamed Segment","ELEVTYP_F":0,"ELEVTYP_T":0},"geometry":{"type":"LineString","coordinates":[[-74.7284445312891,39.2043577633626],[-74.7285518393198,39.2044292033085],[-74.7288010138978,39.2045852509664],[-74.7288260404146,39.2046344485184],[-74.728817140419,39.2046784374281],[-74.7287722192166,39.204768226929],[-74.7287317063108,39.2048228302537],[-74.7282482596487,39.205241321388]]}},{"type":"Feature","id":74341,"properties":{"OBJECTID":74341,"PRIMENAME":"Indian Walk Road","ELEVTYP_F":0,"ELEVTYP_T":0},"geometry":{"type":"LineString","coordinates":[[-74.7124319503875,39.2037987596408],[-74.7133144825186,39.2043888545233],[-74.7142723649334,39.2050335548846],[-74.7155405937799,39.205877617773]]}},{"type":"Feature","id":75182,"properties":{"OBJECTID":75182,"PRIMENAME":"Harrys Court","ELEVTYP_F":0,"ELEVTYP_T":0},"geometry":{"type":"LineString","coordinates":[[-74.6781715842793,39.2369168957758],[-74.6779868244965,39.2367505674176],[-74.6771255110504,39.2361479022244],[-74.676959025709,39.2360301431943],[-74.6768251363953,39.2359292213678],[-74.6766983866402,39.2358030005075],[-74.6765063779676,39.2355869829717],[-74.6764013488219,39.2354775878628],[-74.6762999715714,39.2353878188784],[-74.6761805313463,39.235289702127],[-74.675749927646,39.2349897498636],[-74.6748452649174,39.2343590172406],[-74.673976791381,39.2337366795402],[-74.6739580592774,39.2337142480618],[-74.6739510366529,39.233701215454]]}},{"type":"Feature","id":76033,"properties":{"OBJECTID":76033,"PRIMENAME":"Bayview Drive","ELEVTYP_F":0,"ELEVTYP_T":0},"geometry":{"type":"LineString","coordinates":[[-74.6596797990132,39.195749250018],[-74.6598848559515,39.1956590177763],[-74.6605071362991,39.1953653558214]]}},{"type":"Feature","id":76208,"properties":{"OBJECTID":76208,"PRIMENAME":"FR US 9 TO GSP","ELEVTYP_F":0,"ELEVTYP_T":0},"geometry":{"type":"LineString","coordinates":[[-74.7039199506765,39.2081833121324],[-74.7035827849154,39.2077786705732],[-74.7031313085199,39.2072594424263],[-74.7026632883433,39.2067040250943],[-74.7012233876349,39.2049405965011],[-74.7010895621045,39.2047543633112],[-74.7010309251857,39.2046612193141],[-74.7009808603383,39.2045666047528],[-74.7009402841454,39.2044703820317],[-74.7009095855344,39.2043729333438],[-74.7008710528826,39.2041766245506],[-74.7008454652685,39.2039775747087],[-74.7008390341602,39.2038757457448],[-74.7008462411522,39.2036678256056],[-74.7008611529139,39.2035629952007],[-74.7009092264326,39.2033551694354],[-74.700942884791,39.2032529695472],[-74.7009846289425,39.2031522934207],[-74.7010891627439,39.2029555179608],[-74.7011527946218,39.2028579884333],[-74.7012215939826,39.2027658603476],[-74.7012981232702,39.2026739377669],[-74.7015328409527,39.2023781875717],[-74.7017602599182,39.2021058018264]]}},{"type":"Feature","id":77515,"properties":{"OBJECTID":77515,"PRIMENAME":"Cedar Grove Drive","ELEVTYP_F":0,"ELEVTYP_T":0},"geometry":{"type":"LineString","coordinates":[[-74.6895608516332,39.2199951429983],[-74.6908711610493,39.2188560490002]]}},{"type":"Feature","id":77798,"properties":{"OBJECTID":77798,"PRIMENAME":"Neptune Avenue","ELEVTYP_F":0,"ELEVTYP_T":0},"geometry":{"type":"LineString","coordinates":[[-74.6512679880622,39.2009569124425],[-74.6513059378969,39.2008976099217],[-74.6515488766234,39.2005892765713],[-74.6516809114406,39.2004336955995]]}},{"type":"Feature","id":78436,"properties":{"OBJECTID":78436,"PRIMENAME":"Jetty Drive","ELEVTYP_F":0,"ELEVTYP_T":0},"geometry":{"type":"LineString","coordinates":[[-74.7122765852492,39.2180969338144],[-74.7121815844385,39.2181479335468],[-74.7121235861376,39.2181859344073],[-74.7120525857532,39.2182199339967],[-74.7119705857976,39.2182519338962],[-74.7118855835992,39.2182849337154],[-74.7117985834425,39.2183159336582],[-74.7117105847442,39.2183449346062],[-74.7116185836541,39.2183789342599],[-74.7115245839751,39.2184269336725],[-74.7114375844178,39.2184779344824],[-74.7113545831229,39.2185249336907],[-74.711215056761,39.2186331098415]]}},{"type":"Feature","id":78831,"properties":{"OBJECTID":78831,"PRIMENAME":"Neptune Avenue","ELEVTYP_F":0,"ELEVTYP_T":0},"geometry":{"type":"LineString","coordinates":[[-74.6522092815645,39.1998073053141],[-74.6523233688203,39.199676129013],[-74.6527132134669,39.1992903905344],[-74.6527953312984,39.1992100518893],[-74.6528349993611,39.1991790832358],[-74.6528624307009,39.1991687507153],[-74.6528907597956,39.1991650615619],[-74.6528928415434,39.1991651137809]]}},{"type":"Feature","id":80014,"properties":{"OBJECTID":80014,"PRIMENAME":"East Ocean Avenue","ELEVTYP_F":0,"ELEVTYP_T":0},"geometry":{"type":"LineString","coordinates":[[-74.6652691978613,39.2415230799901],[-74.6653723992716,39.2416060096067],[-74.6660372265529,39.2421402416565]]}},{"type":"Feature","id":81538,"properties":{"OBJECTID":81538,"PRIMENAME":"White Oak Drive","ELEVTYP_F":0,"ELEVTYP_T":0},"geometry":{"type":"LineString","coordinates":[[-74.6774273856301,39.2435492927839],[-74.6769879891402,39.2431872514445]]}},{"type":"Feature","id":83266,"properties":{"OBJECTID":83266,"PRIMENAME":"Commonwealth Avenue","ELEVTYP_F":0,"ELEVTYP_T":0},"geometry":{"type":"LineString","coordinates":[[-74.6596237905153,39.1940457809198],[-74.6592598758726,39.194446280171],[-74.6591184911069,39.194605671553]]}},{"type":"Feature","id":84665,"properties":{"OBJECTID":84665,"PRIMENAME":"Ortlieb Lane","ELEVTYP_F":0,"ELEVTYP_T":0},"geometry":{"type":"LineString","coordinates":[[-74.6906642132656,39.2213896041062],[-74.6911896657359,39.2215534317661],[-74.69162098006,39.221692371565],[-74.6917827425465,39.2217514682653],[-74.6919175709941,39.2218106091173],[-74.6920254222494,39.2218663071723],[-74.6920807876655,39.2218982584205],[-74.6921269562794,39.2219356613207],[-74.6922702423321,39.2220666713525],[-74.6925204501089,39.2223263340546],[-74.6926192003189,39.2224356432798]]}},{"type":"Feature","id":84772,"properties":{"OBJECTID":84772,"PRIMENAME":"South Pebble Drive","ELEVTYP_F":0,"ELEVTYP_T":0},"geometry":{"type":"LineString","coordinates":[[-74.7135365854199,39.2190119348758],[-74.7134595862687,39.2189649337412],[-74.7133805858082,39.2189159336753],[-74.7132985867643,39.2188679353642],[-74.7132185839614,39.2188259346729]]}},{"type":"Feature","id":85771,"properties":{"OBJECTID":85771,"PRIMENAME":"Unnamed Segment","ELEVTYP_F":0,"ELEVTYP_T":0},"geometry":{"type":"LineString","coordinates":[[-74.7226958876998,39.1822803931772],[-74.7220688231295,39.181965298324]]}},{"type":"Feature","id":86350,"properties":{"OBJECTID":86350,"PRIMENAME":"Somers Avenue","ELEVTYP_F":0,"ELEVTYP_T":0},"geometry":{"type":"LineString","coordinates":[[-74.7197634861885,39.2143714468528],[-74.7191023161416,39.2139261250833],[-74.718774915231,39.2136989814672],[-74.7186941116732,39.2136496000861],[-74.7186389086211,39.2136266117992],[-74.7185454560939,39.213606963463],[-74.7184648206096,39.2136005242258],[-74.7183927132295,39.213600659426],[-74.7182909169989,39.213610762962],[-74.7182103386618,39.2136340049258],[-74.7181129252012,39.2136803711603],[-74.7179985558412,39.2137565325032],[-74.7177150670932,39.2140211475845],[-74.7174865750834,39.2142196247879],[-74.7173341003985,39.2143123580283],[-74.7172197039028,39.2143686670378],[-74.7171179935853,39.214418361812],[-74.7169654409281,39.2144747687031],[-74.7168424662189,39.2145080023165],[-74.7166940432918,39.2145412822383],[-74.7165466239027,39.2145680525026]]}},{"type":"Feature","id":86425,"properties":{"OBJECTID":86425,"PRIMENAME":"East Tower Road","ELEVTYP_F":0,"ELEVTYP_T":0},"geometry":{"type":"LineString","coordinates":[[-74.7109925838153,39.2205919333193],[-74.7110535850925,39.2205689336228],[-74.7111175842828,39.2204959341908],[-74.7111695853909,39.2204109348948],[-74.7112055855983,39.2203609348129],[-74.7112445853613,39.2203009336686],[-74.7112725842442,39.2202459331529],[-74.711300586294,39.2201939350912],[-74.7113315837419,39.2201479338198],[-74.7113595847552,39.2200979346872],[-74.7114095841486,39.2200079329973],[-74.7114445853947,39.2199659358252],[-74.7114855833386,39.2199089352384],[-74.7114975857791,39.2198869349921]]}},{"type":"Feature","id":86655,"properties":{"OBJECTID":86655,"PRIMENAME":"Corsons Tavern Road","ELEVTYP_F":0,"ELEVTYP_T":0},"geometry":{"type":"LineString","coordinates":[[-74.7253542557904,39.1970238907987],[-74.7253271989045,39.1970380402741],[-74.7252164643339,39.1970959428614],[-74.7244436299764,39.1975000428491]]}},{"type":"Feature","id":87928,"properties":{"OBJECTID":87928,"PRIMENAME":"Butter Road","ELEVTYP_F":0,"ELEVTYP_T":0},"geometry":{"type":"LineString","coordinates":[[-74.6807787195915,39.2428529852412],[-74.6810460951997,39.2432680808764],[-74.6811967820259,39.243507850259]]}},{"type":"Feature","id":87957,"properties":{"OBJECTID":87957,"PRIMENAME":"2nd Street","ELEVTYP_F":0,"ELEVTYP_T":0},"geometry":{"type":"LineString","coordinates":[[-74.6710041149658,39.1813526045217],[-74.6726575949174,39.1821918772429],[-74.6736380121413,39.1826904503539],[-74.6736729003134,39.1827174991209],[-74.6736923510706,39.1827506109979],[-74.6736932607761,39.1827548138453]]}},{"type":"Feature","id":88289,"properties":{"OBJECTID":88289,"PRIMENAME":"West Whitter Avenue","ELEVTYP_F":0,"ELEVTYP_T":0},"geometry":{"type":"LineString","coordinates":[[-74.6561215140428,39.1992951265992],[-74.6553732262462,39.1987831109404]]}},{"type":"Feature","id":88311,"properties":{"OBJECTID":88311,"PRIMENAME":"Old Stagecoach Road","ELEVTYP_F":0,"ELEVTYP_T":0},"geometry":{"type":"LineString","coordinates":[[-74.6859632317759,39.237531569267],[-74.6856318173423,39.2378688579618],[-74.6845348653687,39.2389958284542],[-74.684462928458,39.2390696904526],[-74.6836004975766,39.2399552071679],[-74.683268985222,39.2402947439425]]}},{"type":"Feature","id":88852,"properties":{"OBJECTID":88852,"PRIMENAME":"White Oak Drive","ELEVTYP_F":0,"ELEVTYP_T":0},"geometry":{"type":"LineString","coordinates":[[-74.6789041602497,39.2447659713628],[-74.6780200710761,39.2440376220805]]}},{"type":"Feature","id":89023,"properties":{"OBJECTID":89023,"PRIMENAME":"Victoria Lane","ELEVTYP_F":0,"ELEVTYP_T":0},"geometry":{"type":"LineString","coordinates":[[-74.6770491793347,39.2466693419372],[-74.6769371516085,39.2466061129163],[-74.6768684782579,39.2465529234288],[-74.6766761300841,39.2463968463039],[-74.6761619321869,39.2459652005135]]}},{"type":"Feature","id":89466,"properties":{"OBJECTID":89466,"PRIMENAME":"Shady Oaks Drive","ELEVTYP_F":0,"ELEVTYP_T":0},"geometry":{"type":"LineString","coordinates":[[-74.7096545841206,39.2180299346537],[-74.7095405846305,39.2180279345323]]}},{"type":"Feature","id":89668,"properties":{"OBJECTID":89668,"PRIMENAME":"Foxborough Road","ELEVTYP_F":0,"ELEVTYP_T":0},"geometry":{"type":"LineString","coordinates":[[-74.6957667143429,39.2196514097586],[-74.6962618138581,39.2199564239157],[-74.6963742806097,39.220047008354],[-74.6964868558917,39.2201760057067],[-74.6965724479976,39.2202875849867],[-74.696640084611,39.2204026816263],[-74.696793535515,39.2206957220259],[-74.6968972947754,39.2208910430719],[-74.6969965012896,39.2210479594171],[-74.6971000664507,39.2211734842757],[-74.6972125753291,39.2212780432911],[-74.6973565603827,39.2214034994798],[-74.6974914905216,39.2214975039419],[-74.6975577218886,39.2215387703685]]}},{"type":"Feature","id":90084,"properties":{"OBJECTID":90084,"PRIMENAME":"Moorings Circle","ELEVTYP_F":0,"ELEVTYP_T":0},"geometry":{"type":"LineString","coordinates":[[-74.7165466239027,39.2145680525026],[-74.716883378456,39.2153925754511],[-74.7169133818895,39.2154849133042],[-74.7169220762924,39.2155575491214],[-74.7169138491776,39.2156367789988],[-74.7168801681177,39.2157259681068],[-74.7168251979198,39.2158019906507],[-74.7166094651043,39.2159971470931],[-74.7158604590485,39.2166851361462],[-74.7157503532054,39.2167612873492],[-74.7156487337067,39.2168307782112],[-74.7155512580925,39.2168705519221],[-74.7154580141565,39.2168971655974],[-74.7153604128394,39.2169072308874],[-74.715262807148,39.2169041169514],[-74.7151438966831,39.2168713049616],[-74.7150163598096,39.2167989154635],[-74.7144508627483,39.2164269770076]]}},{"type":"Feature","id":90439,"properties":{"OBJECTID":90439,"PRIMENAME":"Berwyn Drive","ELEVTYP_F":0,"ELEVTYP_T":0},"geometry":{"type":"LineString","coordinates":[[-74.6811967820259,39.243507850259],[-74.6813743604503,39.2434538404389],[-74.6815404491879,39.2433945757171],[-74.6816595194097,39.243341013369],[-74.6817677268023,39.2432790658393],[-74.6818795569866,39.2432114553583],[-74.6819769153977,39.2431326664988],[-74.6821894882694,39.2429159978832],[-74.6824777347573,39.2426199420663]]}},{"type":"Feature","id":91017,"properties":{"OBJECTID":91017,"PRIMENAME":"East Putnam Avenue","ELEVTYP_F":0,"ELEVTYP_T":0},"geometry":{"type":"LineString","coordinates":[[-74.6584430009785,39.1942394307918],[-74.6591184911069,39.194605671553]]}},{"type":"Feature","id":91727,"properties":{"OBJECTID":91727,"PRIMENAME":"Advantage Drive","ELEVTYP_F":0,"ELEVTYP_T":0},"geometry":{"type":"LineString","coordinates":[[-74.704785407287,39.2232557720719],[-74.7050512812877,39.2232775999015],[-74.7051784866248,39.2232837186584],[-74.7053630616182,39.2232802080742],[-74.7058387957321,39.2232410930518],[-74.7065113774698,39.2231824612263],[-74.7066589546586,39.2231534792525],[-74.7068270372871,39.2231116932253],[-74.7080360195199,39.2227234897787],[-74.7088991231021,39.2224426437855],[-74.7090318963549,39.2223994405284]]}},{"type":"Feature","id":91734,"properties":{"OBJECTID":91734,"PRIMENAME":"Mark Avenue","ELEVTYP_F":0,"ELEVTYP_T":0},"geometry":{"type":"LineString","coordinates":[[-74.693031200475,39.23345949076],[-74.6924183155383,39.2339443847418]]}},{"type":"Feature","id":91816,"properties":{"OBJECTID":91816,"PRIMENAME":"Commonwealth Avenue","ELEVTYP_F":0,"ELEVTYP_T":0},"geometry":{"type":"LineString","coordinates":[[-74.6704269526873,39.18199561417],[-74.6703513565266,39.1820782638599],[-74.6700284165559,39.1824313292484],[-74.6697520899246,39.1827483725423],[-74.6692557505786,39.1832995091989]]}},{"type":"Feature","id":92088,"properties":{"OBJECTID":92088,"PRIMENAME":"Landis Avenue","ELEVTYP_F":0,"ELEVTYP_T":0},"geometry":{"type":"LineString","coordinates":[[-74.681723857442,39.1682918035244],[-74.6815857405407,39.1684610485618],[-74.6813388722727,39.168765718204],[-74.6810187157986,39.1691577608892],[-74.6804208207868,39.1698846124873],[-74.6799733123736,39.1704274821016],[-74.6789780281676,39.1716398954891],[-74.6780830447699,39.1727316625478],[-74.6774272168616,39.1735339032517],[-74.6770027971086,39.1740465776618],[-74.6767057290331,39.1744085076504],[-74.6762466310822,39.1749664547657],[-74.675845397129,39.1754610775314],[-74.6752937049889,39.1761275357378],[-74.674996592185,39.1764924818281],[-74.6747496586387,39.1767940338483],[-74.674332989888,39.1773037219978],[-74.6739702521273,39.1777410314268],[-74.6736538381015,39.1781240700063],[-74.6727548315988,39.1792248067144],[-74.6720861079966,39.1800401608658]]}},{"type":"Feature","id":92418,"properties":{"OBJECTID":92418,"PRIMENAME":"Joseph Avenue","ELEVTYP_F":0,"ELEVTYP_T":0},"geometry":{"type":"LineString","coordinates":[[-74.6984484005029,39.2221034542636],[-74.6996304410133,39.2209296374737]]}},{"type":"Feature","id":92453,"properties":{"OBJECTID":92453,"PRIMENAME":"West Seacliff","ELEVTYP_F":0,"ELEVTYP_T":0},"geometry":{"type":"LineString","coordinates":[[-74.6532293818897,39.201193916145],[-74.6540415212275,39.2016029344],[-74.6541508477954,39.2016579946862],[-74.6542080911797,39.2017082485071],[-74.6542272160551,39.2017555872215],[-74.654227299476,39.2017566735164]]}},{"type":"Feature","id":92967,"properties":{"OBJECTID":92967,"PRIMENAME":"Oceancrest Avenue","ELEVTYP_F":0,"ELEVTYP_T":0},"geometry":{"type":"LineString","coordinates":[[-74.6632266334837,39.2473152020492],[-74.6639462950773,39.2468883291208],[-74.6641229203375,39.2467793776236],[-74.6641885210173,39.2467301639926]]}},{"type":"Feature","id":93105,"properties":{"OBJECTID":93105,"PRIMENAME":"Queen Anne Court","ELEVTYP_F":0,"ELEVTYP_T":0},"geometry":{"type":"LineString","coordinates":[[-74.6796666369924,39.2361022199492],[-74.6795279819331,39.2359800391333],[-74.6784104778677,39.2349952880937],[-74.6780538678355,39.2347512715064],[-74.6766871169723,39.233899732304],[-74.6756411591488,39.2332091977774],[-74.6745138289949,39.2324600380708],[-74.6743872401702,39.2323759127982]]}},{"type":"Feature","id":93308,"properties":{"OBJECTID":93308,"PRIMENAME":"Corsons Tavern Road","ELEVTYP_F":0,"ELEVTYP_T":0},"geometry":{"type":"LineString","coordinates":[[-74.7211971306044,39.1992039461481],[-74.720474733928,39.1995842833705],[-74.7200330795472,39.1998138371608]]}},{"type":"Feature","id":93450,"properties":{"OBJECTID":93450,"PRIMENAME":"Seaview Avenue","ELEVTYP_F":0,"ELEVTYP_T":0},"geometry":{"type":"LineString","coordinates":[[-74.6527576716058,39.2017812188252],[-74.6518892665754,39.2013559121631],[-74.6513253529723,39.201081220568],[-74.6512948606652,39.201063494827],[-74.6512758013701,39.2010457272085],[-74.651264345931,39.2010191089322],[-74.651260519601,39.2009954174681],[-74.6512679880622,39.2009569124425]]}},{"type":"Feature","id":93529,"properties":{"OBJECTID":93529,"PRIMENAME":"South Drive","ELEVTYP_F":0,"ELEVTYP_T":0},"geometry":{"type":"LineString","coordinates":[[-74.6870600071593,39.2275162507871],[-74.6869631231972,39.2274427590295],[-74.6864461138835,39.2270505738716]]}},{"type":"Feature","id":94205,"properties":{"OBJECTID":94205,"PRIMENAME":"Old Stagecoach Road","ELEVTYP_F":0,"ELEVTYP_T":0},"geometry":{"type":"LineString","coordinates":[[-74.6781255244385,39.2455654566505],[-74.6775784129245,39.2461275187607],[-74.6770491793347,39.2466693419372]]}},{"type":"Feature","id":94825,"properties":{"OBJECTID":94825,"PRIMENAME":"Old Stagecoach Road","ELEVTYP_F":0,"ELEVTYP_T":0},"geometry":{"type":"LineString","coordinates":[[-74.6999651458798,39.2231682926141],[-74.6995089432235,39.2236365091267],[-74.6991109926285,39.224045837019]]}},{"type":"Feature","id":94827,"properties":{"OBJECTID":94827,"PRIMENAME":"East Webster Avenue","ELEVTYP_F":0,"ELEVTYP_T":0},"geometry":{"type":"LineString","coordinates":[[-74.6546741902365,39.1972801128044],[-74.655768154494,39.1980249496776],[-74.655945880977,39.1981447282625]]}},{"type":"Feature","id":94986,"properties":{"OBJECTID":94986,"PRIMENAME":"Inlet Terrace","ELEVTYP_F":0,"ELEVTYP_T":0},"geometry":{"type":"LineString","coordinates":[[-74.7091416509456,39.2126105532012],[-74.708352356013,39.2133987418774],[-74.7082638068723,39.2134871654609]]}},{"type":"Feature","id":95627,"properties":{"OBJECTID":95627,"PRIMENAME":"Corsons Tavern Road","ELEVTYP_F":0,"ELEVTYP_T":0},"geometry":{"type":"LineString","coordinates":[[-74.7094250048052,39.205375811541],[-74.7089660487575,39.2056165039205],[-74.7070200416971,39.206638896155]]}},{"type":"Feature","id":97055,"properties":{"OBJECTID":97055,"PRIMENAME":"Cole Avenue","ELEVTYP_F":0,"ELEVTYP_T":0},"geometry":{"type":"LineString","coordinates":[[-74.7072104371589,39.2116456635263],[-74.7072177975739,39.2113038334972],[-74.7072257605485,39.2111189758925],[-74.7072465059238,39.2109604827035],[-74.7072884731709,39.2108052731144],[-74.7073812141748,39.2105971465613],[-74.7074698938467,39.2104484712447],[-74.707605180037,39.2102699493309],[-74.7077658500493,39.2100947042557],[-74.7079542705014,39.2099109524134]]}},{"type":"Feature","id":97246,"properties":{"OBJECTID":97246,"PRIMENAME":"Victoria Lane","ELEVTYP_F":0,"ELEVTYP_T":0},"geometry":{"type":"LineString","coordinates":[[-74.6742919274852,39.2443952074225],[-74.6740013875717,39.2441512727362],[-74.6733098319463,39.243580149019],[-74.6729847013917,39.2432963124463]]}},{"type":"Feature","id":98062,"properties":{"OBJECTID":98062,"PRIMENAME":"Luke Court","ELEVTYP_F":0,"ELEVTYP_T":0},"geometry":{"type":"LineString","coordinates":[[-74.7244436299764,39.1975000428491],[-74.7245643983373,39.1976598873536],[-74.7246546095254,39.1977646281144],[-74.7247503335788,39.1978386883926],[-74.7248797083136,39.1979083731569],[-74.7251383827913,39.1980127612322],[-74.7252677371035,39.1980649550205],[-74.7254027867968,39.1981433311795],[-74.7256672689607,39.1983088824346],[-74.7263144566187,39.1987184179096],[-74.7272036832078,39.1992891748647],[-74.7280928392965,39.1998336766252],[-74.7289876416595,39.2003956501111],[-74.7293141227556,39.2006091485916],[-74.7294041951079,39.2006789047384],[-74.7294606446847,39.2007618251507],[-74.7294946589217,39.2008578869399],[-74.72950062496,39.2009671282065],[-74.7294616682703,39.2010764579555],[-74.7293778390969,39.201212070462],[-74.7291878893739,39.2014766675704]]}},{"type":"Feature","id":98498,"properties":{"OBJECTID":98498,"PRIMENAME":"Old Stagecoach Road","ELEVTYP_F":0,"ELEVTYP_T":0},"geometry":{"type":"LineString","coordinates":[[-74.6907431976044,39.2326388812685],[-74.6900955849121,39.233301496658],[-74.6899461964455,39.233454430773]]}},{"type":"Feature","id":98944,"properties":{"OBJECTID":98944,"PRIMENAME":"Osprey Drive","ELEVTYP_F":0,"ELEVTYP_T":0},"geometry":{"type":"LineString","coordinates":[[-74.6859651360114,39.2229343149311],[-74.6867760890351,39.2235470853518],[-74.6868153984117,39.2235678486039],[-74.6868582783173,39.2235837794685],[-74.6869037445072,39.2235945128831],[-74.686950772519,39.2235998045623],[-74.6869982884277,39.2235995382196],[-74.6870452116721,39.2235937155894],[-74.6870904771035,39.2235824726068],[-74.6871330523139,39.2235660622637],[-74.687952011216,39.2229700671716],[-74.6879716267885,39.2229557924974]]}},{"type":"Feature","id":99315,"properties":{"OBJECTID":99315,"PRIMENAME":"Unnamed Segment","ELEVTYP_F":0,"ELEVTYP_T":0},"geometry":{"type":"LineString","coordinates":[[-74.7220921583018,39.2004542205292],[-74.7214249144358,39.2008879201593]]}},{"type":"Feature","id":99607,"properties":{"OBJECTID":99607,"PRIMENAME":"West Tower Road","ELEVTYP_F":0,"ELEVTYP_T":0},"geometry":{"type":"LineString","coordinates":[[-74.7123165856864,39.2196209334814],[-74.7122715860166,39.219695934838],[-74.7122355841212,39.2197519338857],[-74.7121935855846,39.2198229345608],[-74.7121515841706,39.2198999329528],[-74.7120935842737,39.2200129351119],[-74.7120515838099,39.2200849338562],[-74.7119865843467,39.2201849335058],[-74.7119455854485,39.2202519334825],[-74.7118835863167,39.2203519348197],[-74.711844585161,39.2204209336708],[-74.7118035853368,39.2204819349689],[-74.7117635835009,39.220540934595],[-74.7117255851133,39.2205999341688],[-74.7116925855441,39.2206529350263],[-74.7116175843527,39.2207539345412],[-74.7115665851082,39.220809935393],[-74.7115045836596,39.2208319345494],[-74.7114395856815,39.2208549345288]]}},{"type":"Feature","id":99825,"properties":{"OBJECTID":99825,"PRIMENAME":"Flounder Drive","ELEVTYP_F":0,"ELEVTYP_T":0},"geometry":{"type":"LineString","coordinates":[[-74.7107325857642,39.2171259338441],[-74.7106135849389,39.2172049347998],[-74.7105695836798,39.2172409340645],[-74.7105515845979,39.2172519333099],[-74.7101618921848,39.2174409024876],[-74.7099226368989,39.2175645729076],[-74.7097183386363,39.217739912806]]}},{"type":"Feature","id":100084,"properties":{"OBJECTID":100084,"PRIMENAME":"North Pebble Drive","ELEVTYP_F":0,"ELEVTYP_T":0},"geometry":{"type":"LineString","coordinates":[[-74.7100753822365,39.2179529906329],[-74.7104232316523,39.2181605771869]]}},{"type":"Feature","id":100363,"properties":{"OBJECTID":100363,"PRIMENAME":"Unnamed Segment","ELEVTYP_F":0,"ELEVTYP_T":0},"geometry":{"type":"LineString","coordinates":[[-74.7280277471056,39.1978770004894],[-74.7280936816876,39.1979574554794],[-74.7281723530966,39.198053450087],[-74.728258751595,39.1981430570061],[-74.7282946014971,39.1982534586643],[-74.7283392090705,39.1983908213028],[-74.7283757409612,39.1985033151311],[-74.7284301961161,39.1985665270507],[-74.7284999733082,39.1986152108839],[-74.7285403057815,39.1986324511968],[-74.7285992701284,39.1986576543396],[-74.7287139585717,39.1987066760096],[-74.7287834668959,39.1987651675712]]}},{"type":"Feature","id":100893,"properties":{"OBJECTID":100893,"PRIMENAME":"Unnamed Segment","ELEVTYP_F":0,"ELEVTYP_T":0},"geometry":{"type":"LineString","coordinates":[[-74.724913469995,39.2035379081324],[-74.7244302997114,39.2032049724099]]}},{"type":"Feature","id":101197,"properties":{"OBJECTID":101197,"PRIMENAME":"Dolphine Drive","ELEVTYP_F":0,"ELEVTYP_T":0},"geometry":{"type":"LineString","coordinates":[[-74.7099409478494,39.2167032503056],[-74.7097771006597,39.2168126090459],[-74.7096896373833,39.2168709845],[-74.7096058861822,39.2169116798113],[-74.7095302440655,39.2169412703504],[-74.7094434536086,39.2169674171904],[-74.7092991771824,39.2170108803354],[-74.7091942672701,39.2170614270128],[-74.7091253403664,39.2171031358153],[-74.7089240927252,39.2172659121805]]}},{"type":"Feature","id":101477,"properties":{"OBJECTID":101477,"PRIMENAME":"Foxborough Road","ELEVTYP_F":0,"ELEVTYP_T":0},"geometry":{"type":"LineString","coordinates":[[-74.694801469864,39.2190485805273],[-74.6951242894885,39.2192460905426],[-74.6956683462258,39.2195908113115],[-74.6957667143429,39.2196514097586]]}},{"type":"Feature","id":102099,"properties":{"OBJECTID":102099,"PRIMENAME":"West Prescott Road","ELEVTYP_F":0,"ELEVTYP_T":0},"geometry":{"type":"LineString","coordinates":[[-74.6599655077058,39.1942319940452],[-74.6607007370346,39.1946302439359],[-74.6611618640569,39.1948813371377],[-74.6612114577215,39.1949197638933],[-74.6613021736257,39.1949947346137]]}},{"type":"Feature","id":102212,"properties":{"OBJECTID":102212,"PRIMENAME":"Schuler Terrace","ELEVTYP_F":0,"ELEVTYP_T":0},"geometry":{"type":"LineString","coordinates":[[-74.6871944208905,39.2273067415778],[-74.6895235776707,39.2291359356384]]}},{"type":"Feature","id":102576,"properties":{"OBJECTID":102576,"PRIMENAME":"Unnamed Segment","ELEVTYP_F":0,"ELEVTYP_T":0},"geometry":{"type":"LineString","coordinates":[[-74.7026485723555,39.2090983031773],[-74.7014634780348,39.2083761643802]]}},{"type":"Feature","id":102666,"properties":{"OBJECTID":102666,"PRIMENAME":"White Oak Drive","ELEVTYP_F":0,"ELEVTYP_T":0},"geometry":{"type":"LineString","coordinates":[[-74.6780200710761,39.2440376220805],[-74.6774273856301,39.2435492927839]]}},{"type":"Feature","id":102683,"properties":{"OBJECTID":102683,"PRIMENAME":"Unnamed Segment","ELEVTYP_F":0,"ELEVTYP_T":0},"geometry":{"type":"LineString","coordinates":[[-74.6695479980255,39.2474702982993],[-74.6696421474455,39.2474060133565],[-74.6697101522498,39.2473529348819],[-74.6698369346095,39.2472346328138]]}},{"type":"Feature","id":102782,"properties":{"OBJECTID":102782,"PRIMENAME":"Landis Avenue","ELEVTYP_F":0,"ELEVTYP_T":0},"geometry":{"type":"LineString","coordinates":[[-74.6720861079966,39.1800401608658],[-74.6718866350556,39.1802833443057],[-74.6710041149658,39.1813526045217]]}},{"type":"Feature","id":103593,"properties":{"OBJECTID":103593,"PRIMENAME":"Unnamed Segment","ELEVTYP_F":0,"ELEVTYP_T":0},"geometry":{"type":"LineString","coordinates":[[-74.7281026480079,39.1968378117872],[-74.7281782381377,39.1968699370367],[-74.7287475248746,39.1972857309972],[-74.7288765357672,39.1974147184144]]}},{"type":"Feature","id":104095,"properties":{"OBJECTID":104095,"PRIMENAME":"Unnamed Segment","ELEVTYP_F":0,"ELEVTYP_T":0},"geometry":{"type":"LineString","coordinates":[[-74.7226958876998,39.1822803931772],[-74.7226986354357,39.1822741244136],[-74.7236450275166,39.1810698281873],[-74.7235990120982,39.1808104955169]]}},{"type":"Feature","id":104943,"properties":{"OBJECTID":104943,"PRIMENAME":"Unnamed Segment","ELEVTYP_F":0,"ELEVTYP_T":0},"geometry":{"type":"LineString","coordinates":[[-74.7275922480413,39.1881517498177],[-74.7280750508368,39.1878006404037]]}},{"type":"Feature","id":105989,"properties":{"OBJECTID":105989,"PRIMENAME":"West Vincent Avenue","ELEVTYP_F":0,"ELEVTYP_T":0},"geometry":{"type":"LineString","coordinates":[[-74.6573790355505,39.1978495003884],[-74.6565975633953,39.1974235624503]]}},{"type":"Feature","id":106273,"properties":{"OBJECTID":106273,"PRIMENAME":"Commonwealth Avenue","ELEVTYP_F":0,"ELEVTYP_T":0},"geometry":{"type":"LineString","coordinates":[[-74.657609516595,39.1962936677801],[-74.6574158148271,39.196509690302],[-74.6571047222139,39.196857145834]]}},{"type":"Feature","id":106691,"properties":{"OBJECTID":106691,"PRIMENAME":"Pebble Drive","ELEVTYP_F":0,"ELEVTYP_T":0},"geometry":{"type":"LineString","coordinates":[[-74.7128625762785,39.2196162526864],[-74.7131160485506,39.2197675043704],[-74.7131805859563,39.2197719345757],[-74.7132365838146,39.219733934158],[-74.7132885851731,39.2196879353524],[-74.7134015853803,39.219586933605],[-74.713458586774,39.2195339342192],[-74.7135175867496,39.2194839327084],[-74.7135775853609,39.2194329339189],[-74.7136885850187,39.2193339335988],[-74.713731584914,39.2192859332446],[-74.7137625867288,39.2192439355037],[-74.7137725864195,39.2191869342325],[-74.7137722409122,39.2191864204924],[-74.7137375844869,39.2191349340705],[-74.7136835855595,39.2190959343964],[-74.7136125849787,39.2190569343453],[-74.7135365854199,39.2190119348758]]}},{"type":"Feature","id":107100,"properties":{"OBJECTID":107100,"PRIMENAME":"East Winthrop Avenue","ELEVTYP_F":0,"ELEVTYP_T":0},"geometry":{"type":"LineString","coordinates":[[-74.6537686286767,39.2005746707026],[-74.6531963307836,39.2002909935567],[-74.6522092815645,39.1998073053141]]}},{"type":"Feature","id":107879,"properties":{"OBJECTID":107879,"PRIMENAME":"Shady Oaks Drive","ELEVTYP_F":0,"ELEVTYP_T":0},"geometry":{"type":"LineString","coordinates":[[-74.7093355824399,39.2188779330652],[-74.7093715843604,39.2188899340867],[-74.7094715861257,39.2189179340866],[-74.7095925831645,39.2189519335927]]}},{"type":"Feature","id":107926,"properties":{"OBJECTID":107926,"PRIMENAME":"Scrub Oak Drive","ELEVTYP_F":0,"ELEVTYP_T":0},"geometry":{"type":"LineString","coordinates":[[-74.7107595836839,39.2194449343383],[-74.7108075844951,39.2194029336518],[-74.7108355850073,39.2193469333081],[-74.710860584413,39.2192919347077],[-74.7108805848308,39.2192359344195],[-74.7109145865551,39.2191459348627],[-74.710934584101,39.2191029344518],[-74.7109615846909,39.21904993475],[-74.7109705835356,39.2189909347836],[-74.7110095834289,39.2189319354275],[-74.7110405847535,39.21888193453],[-74.7110695862088,39.2188219335259],[-74.7110975856108,39.2187649349959]]}},{"type":"Feature","id":108282,"properties":{"OBJECTID":108282,"PRIMENAME":"Somers Avenue","ELEVTYP_F":0,"ELEVTYP_T":0},"geometry":{"type":"LineString","coordinates":[[-74.7139590341328,39.2148334594038],[-74.7136009332115,39.2146163244453],[-74.7129208320152,39.2142247638858],[-74.7128103082514,39.2141622526814],[-74.7127295940129,39.2141293693254],[-74.7126488539728,39.2140998082255],[-74.71249180493,39.2140703853834],[-74.712296550789,39.2140476494641],[-74.7118168635181,39.2139825151355],[-74.7116427968899,39.2139630078092],[-74.7114899585453,39.2139368982306],[-74.7113583383847,39.213900811087],[-74.7112224093845,39.2138515524471],[-74.7110864497358,39.2137923809573],[-74.710963157333,39.2137199792836],[-74.7106613037987,39.2135290655589],[-74.7104592976287,39.2134071626524]]}},{"type":"Feature","id":109506,"properties":{"OBJECTID":109506,"PRIMENAME":"Unnamed Segment","ELEVTYP_F":0,"ELEVTYP_T":0},"geometry":{"type":"LineString","coordinates":[[-74.7284355445131,39.1888976123352],[-74.7281425790927,39.1890998021741]]}},{"type":"Feature","id":111084,"properties":{"OBJECTID":111084,"PRIMENAME":"Eel Drive","ELEVTYP_F":0,"ELEVTYP_T":0},"geometry":{"type":"LineString","coordinates":[[-74.7092855492117,39.2174816293743],[-74.709360651027,39.217432484736],[-74.7094028365596,39.2173830145678],[-74.709487345802,39.2173314089829],[-74.709569246676,39.2172921593178],[-74.7096564469767,39.2172549566539],[-74.7099868056455,39.217134992559],[-74.7100264375829,39.217116398233],[-74.7101109705893,39.2170730257436],[-74.7101884872194,39.2170278146454],[-74.7103504451419,39.2169400669679]]}},{"type":"Feature","id":111689,"properties":{"OBJECTID":111689,"PRIMENAME":"Unnamed Segment","ELEVTYP_F":0,"ELEVTYP_T":0},"geometry":{"type":"LineString","coordinates":[[-74.7260659568961,39.2040382258898],[-74.7259324994685,39.2039488735613],[-74.7257898408005,39.2038735207326],[-74.7256449549833,39.2038087252947],[-74.7255897611392,39.203795958383]]}},{"type":"Feature","id":111793,"properties":{"OBJECTID":111793,"PRIMENAME":"Klains Lane","ELEVTYP_F":0,"ELEVTYP_T":0},"geometry":{"type":"LineString","coordinates":[[-74.6749742254507,39.2429106143356],[-74.6749030376141,39.2428243400512],[-74.6746739999048,39.2426185628191],[-74.6744084177182,39.2424128389557],[-74.6743214319944,39.2423490212608],[-74.6742893807862,39.2423241649594],[-74.6742755664771,39.2423069699227],[-74.6742658512585,39.2422904281568],[-74.6742663679068,39.2422567094235],[-74.6742570471885,39.2421856363952],[-74.674256836114,39.242100327477],[-74.6742474879113,39.2420186013048],[-74.6742379660271,39.2419804493029],[-74.6742281777285,39.2419488611255],[-74.6742068692669,39.2419278334598],[-74.674185540936,39.2419128188415],[-74.6741237738959,39.2418802093684],[-74.6740459429429,39.2418341150627],[-74.6739131462471,39.2417205848882],[-74.6736383537177,39.2414864554877],[-74.6732216587423,39.2411530032424],[-74.6727408221624,39.240766349879],[-74.6724034863979,39.2404956546915]]}},{"type":"Feature","id":112858,"properties":{"OBJECTID":112858,"PRIMENAME":"East Vincent Avenue","ELEVTYP_F":0,"ELEVTYP_T":0},"geometry":{"type":"LineString","coordinates":[[-74.6565975633953,39.1974235624503],[-74.6559563588492,39.1970740376098],[-74.6552475744331,39.1966870371925]]}},{"type":"Feature","id":113228,"properties":{"OBJECTID":113228,"PRIMENAME":"Unnamed Segment","ELEVTYP_F":0,"ELEVTYP_T":0},"geometry":{"type":"LineString","coordinates":[[-74.7200330795472,39.1998138371608],[-74.7205518913017,39.2002181401428],[-74.7205555487991,39.2002200276711]]}},{"type":"Feature","id":113499,"properties":{"OBJECTID":113499,"PRIMENAME":"Unnamed Segment","ELEVTYP_F":0,"ELEVTYP_T":0},"geometry":{"type":"LineString","coordinates":[[-74.6686421948408,39.2461872050619],[-74.6687377707228,39.2462665330511],[-74.6689175218595,39.2464057808026],[-74.6689539986583,39.2464340381703],[-74.6689790046222,39.2464727968895],[-74.6690769834256,39.2466068661397],[-74.6691483830908,39.2467045634014],[-74.6691977094821,39.2467550299229],[-74.6692659740932,39.2468096739595],[-74.6693689411476,39.246892096729],[-74.6695549344619,39.2470282301542],[-74.6698369346095,39.2472346328138]]}},{"type":"Feature","id":113977,"properties":{"OBJECTID":113977,"PRIMENAME":"Minnow Drive","ELEVTYP_F":0,"ELEVTYP_T":0},"geometry":{"type":"LineString","coordinates":[[-74.7129815863836,39.2186529340444],[-74.7128975847326,39.2187089336729],[-74.7128485842431,39.2187629343095],[-74.712784583783,39.2188359347135],[-74.7127295860164,39.2189039343474],[-74.7126845855231,39.2189649333665],[-74.7126395852028,39.2190279349133],[-74.7125965843336,39.2190919336155],[-74.712558584402,39.2191499326547],[-74.7125205851094,39.2192089325023],[-74.7124785843541,39.2192659334865],[-74.7124430148846,39.2193269539422],[-74.7124198734049,39.2193520779604]]}},{"type":"Feature","id":114675,"properties":{"OBJECTID":114675,"PRIMENAME":"Commonwealth Drive","ELEVTYP_F":0,"ELEVTYP_T":0},"geometry":{"type":"LineString","coordinates":[[-74.6532293818897,39.201193916145],[-74.6530763647098,39.2013716022507],[-74.6529364518292,39.2015546525295],[-74.6527576716058,39.2017812188252]]}},{"type":"Feature","id":114886,"properties":{"OBJECTID":114886,"PRIMENAME":"Unnamed Segment","ELEVTYP_F":0,"ELEVTYP_T":0},"geometry":{"type":"LineString","coordinates":[[-74.7225819628216,39.2017270987981],[-74.7230069641314,39.2009908730725]]}},{"type":"Feature","id":115502,"properties":{"OBJECTID":115502,"PRIMENAME":"Shady Oaks Drive","ELEVTYP_F":0,"ELEVTYP_T":0},"geometry":{"type":"LineString","coordinates":[[-74.7098995837543,39.2180589344077],[-74.7097345853337,39.2180249342688],[-74.7096545841206,39.2180299346537]]}},{"type":"Feature","id":115729,"properties":{"OBJECTID":115729,"PRIMENAME":"Unnamed Segment","ELEVTYP_F":0,"ELEVTYP_T":0},"geometry":{"type":"LineString","coordinates":[[-74.7292816380416,39.1972034223443],[-74.7295586759995,39.1970589245309]]}},{"type":"Feature","id":115803,"properties":{"OBJECTID":115803,"PRIMENAME":"Hope Corson Road","ELEVTYP_F":0,"ELEVTYP_T":0},"geometry":{"type":"LineString","coordinates":[[-74.7012073673223,39.2218965527062],[-74.7004681816167,39.2214458248275],[-74.6996304410133,39.2209296374737]]}},{"type":"Feature","id":116515,"properties":{"OBJECTID":116515,"PRIMENAME":"Unnamed Segment","ELEVTYP_F":0,"ELEVTYP_T":0},"geometry":{"type":"LineString","coordinates":[[-74.7205555487991,39.2002200276711],[-74.7206401942659,39.2002637028433],[-74.7207154780646,39.2003025483058],[-74.7207759809032,39.2003144516862],[-74.7208392757031,39.2003143317282],[-74.7209115552165,39.2002966068339],[-74.7213108928934,39.2000513691453],[-74.7213670034399,39.2000169119767],[-74.721405699924,39.2000089786765],[-74.721444127005,39.200008905645],[-74.7214825938998,39.2000211433113],[-74.7215641095508,39.200064959789],[-74.7217463111586,39.2001992750958]]}},{"type":"Feature","id":116896,"properties":{"OBJECTID":116896,"PRIMENAME":"3rd Street","ELEVTYP_F":0,"ELEVTYP_T":0},"geometry":{"type":"LineString","coordinates":[[-74.6851550850029,39.2266541827666],[-74.6847015569399,39.2269985331701]]}},{"type":"Feature","id":117465,"properties":{"OBJECTID":117465,"PRIMENAME":"Evergreen Drive","ELEVTYP_F":0,"ELEVTYP_T":0},"geometry":{"type":"LineString","coordinates":[[-74.6925402236924,39.2307912880461],[-74.6936412732836,39.2316464607997],[-74.6954948005342,39.2330852848066],[-74.6962372092207,39.2336845546892]]}},{"type":"Feature","id":118423,"properties":{"OBJECTID":118423,"PRIMENAME":"Unnamed Segment","ELEVTYP_F":0,"ELEVTYP_T":0},"geometry":{"type":"LineString","coordinates":[[-74.6685613059263,39.2460121221908],[-74.6685794182306,39.2460513242732],[-74.6686079498582,39.2461130859843],[-74.6686421948408,39.2461872050619]]}},{"type":"Feature","id":119613,"properties":{"OBJECTID":119613,"PRIMENAME":"Sea Sounds Avenue","ELEVTYP_F":0,"ELEVTYP_T":0},"geometry":{"type":"LineString","coordinates":[[-74.6707531436881,39.2415875896819],[-74.6696237504346,39.2406269175723],[-74.6689310765724,39.2400461869839]]}},{"type":"Feature","id":119771,"properties":{"OBJECTID":119771,"PRIMENAME":"Laurel Ridge Road","ELEVTYP_F":0,"ELEVTYP_T":0},"geometry":{"type":"LineString","coordinates":[[-74.7158860765882,39.2190221231062],[-74.7162116625285,39.2187310456281],[-74.7163818556649,39.2185788919634],[-74.7167230397003,39.2182583043885],[-74.7168007261745,39.2181853087779]]}},{"type":"Feature","id":120549,"properties":{"OBJECTID":120549,"PRIMENAME":"Unnamed Segment","ELEVTYP_F":0,"ELEVTYP_T":0},"geometry":{"type":"LineString","coordinates":[[-74.7007555406933,39.2090743377134],[-74.7006346423306,39.2090040765987],[-74.7004122286445,39.2088318068548],[-74.7002151337458,39.2086791466242],[-74.6994911619786,39.2082414365042]]}},{"type":"Feature","id":120585,"properties":{"OBJECTID":120585,"PRIMENAME":"Corsons Tavern Road","ELEVTYP_F":0,"ELEVTYP_T":0},"geometry":{"type":"LineString","coordinates":[[-74.7265871413784,39.1963769783832],[-74.7261099325248,39.1966286984647],[-74.7254929565416,39.1969513557675],[-74.7253542557904,39.1970238907987]]}},{"type":"Feature","id":120911,"properties":{"OBJECTID":120911,"PRIMENAME":"FR US 9 TO GSP","ELEVTYP_F":0,"ELEVTYP_T":0},"geometry":{"type":"LineString","coordinates":[[-74.7042124214441,39.2086010435573],[-74.7042118881055,39.2086000013286],[-74.7041784022948,39.2085046988395]]}},{"type":"Feature","id":121088,"properties":{"OBJECTID":121088,"PRIMENAME":"Clayton Drive","ELEVTYP_F":0,"ELEVTYP_T":0},"geometry":{"type":"LineString","coordinates":[[-74.718907044216,39.2004034673148],[-74.7190497380002,39.2005234621435],[-74.719210173752,39.2006411452069],[-74.719568963183,39.2008699045652]]}},{"type":"Feature","id":121114,"properties":{"OBJECTID":121114,"PRIMENAME":"Linda Lane","ELEVTYP_F":0,"ELEVTYP_T":0},"geometry":{"type":"LineString","coordinates":[[-74.6924183155383,39.2339443847418],[-74.6926379193898,39.2341130216428],[-74.6932002995211,39.2345485234417],[-74.6935422044825,39.23480630163],[-74.6941675594059,39.2352975706021]]}},{"type":"Feature","id":121612,"properties":{"OBJECTID":121612,"PRIMENAME":"White Oak Drive","ELEVTYP_F":0,"ELEVTYP_T":0},"geometry":{"type":"LineString","coordinates":[[-74.6760525655669,39.2401288031622],[-74.6762259727797,39.2400183823378],[-74.6763035714943,39.239986277422],[-74.6764086405136,39.2399683531164],[-74.6764817566327,39.2399647003006],[-74.6765178924439,39.2399716557817]]}},{"type":"Feature","id":121767,"properties":{"OBJECTID":121767,"PRIMENAME":"Bay Avenue","ELEVTYP_F":0,"ELEVTYP_T":0},"geometry":{"type":"LineString","coordinates":[[-74.6548480204058,39.1994523452095],[-74.6548299445496,39.1995130773338],[-74.6548056356422,39.1996277722849],[-74.6547673957396,39.1998107175986],[-74.6547364157023,39.2000537019378],[-74.6547089667109,39.2003458040387],[-74.654695262996,39.2004850037622],[-74.6546956222705,39.2006488145055],[-74.6547170435992,39.2008262440069],[-74.6547630678484,39.2010063036842],[-74.6547817421413,39.2010597974077],[-74.6548230836296,39.2011782174237],[-74.654900620861,39.2013418706097],[-74.6550027197663,39.2015055189901],[-74.6550858030574,39.2016073215352],[-74.6551117751277,39.2016391467426],[-74.6552594518057,39.201794524002],[-74.6554880460744,39.2020453724474],[-74.6557198648011,39.2022907552698]]}},{"type":"Feature","id":121780,"properties":{"OBJECTID":121780,"PRIMENAME":"Old Stagecoach Road","ELEVTYP_F":0,"ELEVTYP_T":0},"geometry":{"type":"LineString","coordinates":[[-74.6989826938548,39.2241777971877],[-74.6984919876181,39.2246825035365],[-74.6974749704575,39.225717698875],[-74.6969870176561,39.2262223643737],[-74.6965133043612,39.2267122923253],[-74.6954996687374,39.2277528738809],[-74.6943683957512,39.2289042402897],[-74.6942721998975,39.229003542403],[-74.6932163606677,39.2300934386438],[-74.6925402236924,39.2307912880461]]}},{"type":"Feature","id":122455,"properties":{"OBJECTID":122455,"PRIMENAME":"FR GSP TO US 9","ELEVTYP_F":0,"ELEVTYP_T":0},"geometry":{"type":"LineString","coordinates":[[-74.7007008152885,39.2014801933221],[-74.7001139100482,39.2021564827262],[-74.6999716360708,39.2023360792776],[-74.6998542916713,39.2025207397112],[-74.6998063163858,39.2026145617835],[-74.6997590921921,39.2027246651036],[-74.6997255200173,39.202832876672],[-74.6997088063234,39.202937299255],[-74.6997090248474,39.203039412802],[-74.6997276914561,39.2031384751306],[-74.6997724295089,39.2032468271831],[-74.6998388169581,39.2033487731948],[-74.6999053282839,39.2034322662929],[-74.7001630887964,39.2037426425984]]}},{"type":"Feature","id":123261,"properties":{"OBJECTID":123261,"PRIMENAME":"Unnamed Segment","ELEVTYP_F":0,"ELEVTYP_T":0},"geometry":{"type":"LineString","coordinates":[[-74.7163156335592,39.1998388620295],[-74.7164525430394,39.1998942242987],[-74.7166137658038,39.2000502660719],[-74.7168433255856,39.2002124331316],[-74.7171454844842,39.2004588896299],[-74.7173590591099,39.2006492265779]]}},{"type":"Feature","id":123444,"properties":{"OBJECTID":123444,"PRIMENAME":"Susan Avenue","ELEVTYP_F":0,"ELEVTYP_T":0},"geometry":{"type":"LineString","coordinates":[[-74.7097224994213,39.2205948276792],[-74.7086089336744,39.2218510789513]]}},{"type":"Feature","id":123781,"properties":{"OBJECTID":123781,"PRIMENAME":"Unnamed Segment","ELEVTYP_F":0,"ELEVTYP_T":0},"geometry":{"type":"LineString","coordinates":[[-74.7134118518756,39.2009119135531],[-74.7131490866098,39.2011760567218]]}},{"type":"Feature","id":124519,"properties":{"OBJECTID":124519,"PRIMENAME":"State Highway 50","ELEVTYP_F":0,"ELEVTYP_T":0},"geometry":{"type":"LineString","coordinates":[[-74.704785407287,39.2232557720719],[-74.7046808500537,39.2239129823025]]}},{"type":"Feature","id":124638,"properties":{"OBJECTID":124638,"PRIMENAME":"East Timber Drive","ELEVTYP_F":0,"ELEVTYP_T":0},"geometry":{"type":"LineString","coordinates":[[-74.6656155412598,39.248106030554],[-74.6654585292693,39.2479960403167],[-74.6653349445719,39.2479098626054],[-74.6652359782752,39.2478108824253],[-74.6648566051001,39.2474148276014],[-74.6645185015409,39.247073078103],[-74.6641885210173,39.2467301639926]]}},{"type":"Feature","id":125510,"properties":{"OBJECTID":125510,"PRIMENAME":"Unnamed Segment","ELEVTYP_F":0,"ELEVTYP_T":0},"geometry":{"type":"LineString","coordinates":[[-74.719933951188,39.2060439998258],[-74.7198845797247,39.2059822851155],[-74.7193463049985,39.2056330543985],[-74.7189709877113,39.2053747540057],[-74.7186677662895,39.2051869576691],[-74.7185092224254,39.2050887635243]]}},{"type":"Feature","id":126001,"properties":{"OBJECTID":126001,"PRIMENAME":"Clayton Drive","ELEVTYP_F":0,"ELEVTYP_T":0},"geometry":{"type":"LineString","coordinates":[[-74.7168091072488,39.2030280386006],[-74.7172427725705,39.2033094652681],[-74.7182635599872,39.2039754599195],[-74.7183823708978,39.2040483157073],[-74.7185066486742,39.2041154240329],[-74.7186359346759,39.204176537229],[-74.7187697517758,39.204231429753],[-74.7200518146564,39.2047690472251]]}},{"type":"Feature","id":127804,"properties":{"OBJECTID":127804,"PRIMENAME":"Unnamed Segment","ELEVTYP_F":0,"ELEVTYP_T":0},"geometry":{"type":"LineString","coordinates":[[-74.7235990120982,39.1808104955169],[-74.723664024999,39.1806721257284],[-74.7240520730417,39.1803174921492],[-74.7245901807526,39.180043590241]]}},{"type":"Feature","id":128751,"properties":{"OBJECTID":128751,"PRIMENAME":"North Pebble Drive","ELEVTYP_F":0,"ELEVTYP_T":0},"geometry":{"type":"LineString","coordinates":[[-74.7124198734049,39.2193520779604],[-74.7125632017872,39.2194376070881]]}},{"type":"Feature","id":128825,"properties":{"OBJECTID":128825,"PRIMENAME":"East Prescott Avenue","ELEVTYP_F":0,"ELEVTYP_T":0},"geometry":{"type":"LineString","coordinates":[[-74.6591155787994,39.1937676451836],[-74.6596237905153,39.1940457809198]]}},{"type":"Feature","id":129110,"properties":{"OBJECTID":129110,"PRIMENAME":"Unnamed Segment","ELEVTYP_F":0,"ELEVTYP_T":0},"geometry":{"type":"LineString","coordinates":[[-74.7269609731406,39.1877361675309],[-74.7272622266319,39.1874706843944],[-74.7273571259744,39.1874413770638],[-74.7274863432545,39.1874228261925],[-74.7275760175115,39.1874790316434],[-74.7276365899341,39.1875169961222],[-74.7276770863608,39.1875774008643],[-74.7276830513157,39.1876423538268],[-74.7276429329469,39.1876984371265],[-74.7275165513663,39.1877838092768],[-74.7273095050663,39.1879656145201]]}},{"type":"Feature","id":129904,"properties":{"OBJECTID":129904,"PRIMENAME":"Unnamed Segment","ELEVTYP_F":0,"ELEVTYP_T":0},"geometry":{"type":"LineString","coordinates":[[-74.7279878990755,39.2040537638985],[-74.7284445312891,39.2043577633626]]}},{"type":"Feature","id":130077,"properties":{"OBJECTID":130077,"PRIMENAME":"Corsons Tavern Road","ELEVTYP_F":0,"ELEVTYP_T":0},"geometry":{"type":"LineString","coordinates":[[-74.7140426553691,39.2029544400951],[-74.7131215995,39.2034369841481],[-74.7124319503875,39.2037987596408]]}},{"type":"Feature","id":131722,"properties":{"OBJECTID":131722,"PRIMENAME":"Unnamed Segment","ELEVTYP_F":0,"ELEVTYP_T":0},"geometry":{"type":"LineString","coordinates":[[-74.7173289459567,39.2060918230107],[-74.7177787058782,39.2063924079196],[-74.7189539733428,39.2072054806766],[-74.7190600351573,39.2072494310756],[-74.7191281583852,39.2072581320176],[-74.7192226981948,39.2072461820852],[-74.7192717588036,39.2072078278147],[-74.7192867183219,39.207151877803],[-74.7192714110251,39.2070959838583],[-74.7192826678116,39.2070665306842]]}},{"type":"Feature","id":131970,"properties":{"OBJECTID":131970,"PRIMENAME":"Unnamed Segment","ELEVTYP_F":0,"ELEVTYP_T":0},"geometry":{"type":"LineString","coordinates":[[-74.7226881912707,39.2008484656525],[-74.7223116044374,39.2015150724788]]}},{"type":"Feature","id":132710,"properties":{"OBJECTID":132710,"PRIMENAME":"Albacore Drive","ELEVTYP_F":0,"ELEVTYP_T":0},"geometry":{"type":"LineString","coordinates":[[-74.7091693854198,39.2162757617102],[-74.7091295470872,39.2161919118359],[-74.7090535327637,39.216170384191],[-74.7090057994763,39.2161573231155],[-74.7088547690257,39.2161618792382],[-74.708193874859,39.2163099553148]]}},{"type":"Feature","id":133378,"properties":{"OBJECTID":133378,"PRIMENAME":"New Bridge Road","ELEVTYP_F":0,"ELEVTYP_T":0},"geometry":{"type":"LineString","coordinates":[[-74.7056491241675,39.2073652942424],[-74.7053190107872,39.2072115657317]]}},{"type":"Feature","id":133457,"properties":{"OBJECTID":133457,"PRIMENAME":"Seaview Avenue","ELEVTYP_F":0,"ELEVTYP_T":0},"geometry":{"type":"LineString","coordinates":[[-74.6660372265529,39.2421402416565],[-74.6660375722229,39.2421399411882],[-74.6662934931159,39.2419557136322],[-74.6666811773293,39.2416766290792]]}},{"type":"Feature","id":133588,"properties":{"OBJECTID":133588,"PRIMENAME":"Unnamed Segment","ELEVTYP_F":0,"ELEVTYP_T":0},"geometry":{"type":"LineString","coordinates":[[-74.7259632949349,39.202857760528],[-74.7262189168521,39.2030319656464],[-74.7263072246668,39.2030775222115]]}},{"type":"Feature","id":133600,"properties":{"OBJECTID":133600,"PRIMENAME":"Commonwealth Drive","ELEVTYP_F":0,"ELEVTYP_T":0},"geometry":{"type":"LineString","coordinates":[[-74.6586172828008,39.1951680253663],[-74.6581926194854,39.1956433434404],[-74.6581165559857,39.1957282080125]]}},{"type":"Feature","id":134234,"properties":{"OBJECTID":134234,"PRIMENAME":"West Rising Sun Drive","ELEVTYP_F":0,"ELEVTYP_T":0},"geometry":{"type":"LineString","coordinates":[[-74.7295072598176,39.1867616399336],[-74.7290837673822,39.1864750132194]]}},{"type":"Feature","id":134578,"properties":{"OBJECTID":134578,"PRIMENAME":"White Oak Drive","ELEVTYP_F":0,"ELEVTYP_T":0},"geometry":{"type":"LineString","coordinates":[[-74.7093355824399,39.2188779330652],[-74.7093955821082,39.2188229349315],[-74.7094425842784,39.2187479346753],[-74.709474582382,39.2187029347112],[-74.7095045840841,39.2186599336679],[-74.7095475834512,39.2186109340287],[-74.7095835840537,39.2185629342752],[-74.7096305836399,39.2185039344954],[-74.709671584683,39.2184489343702],[-74.7097305829158,39.2183549337049],[-74.7097575844359,39.2183129343141],[-74.7097925858181,39.2182709331216],[-74.7098455841438,39.2181949336867],[-74.7098645839938,39.2181469329375],[-74.7098995837543,39.2180589344077]]}},{"type":"Feature","id":135324,"properties":{"OBJECTID":135324,"PRIMENAME":"Unnamed Segment","ELEVTYP_F":0,"ELEVTYP_T":0},"geometry":{"type":"LineString","coordinates":[[-74.7152610567664,39.2039799697433],[-74.7155892486509,39.204218480802],[-74.7158242734517,39.2043769813487],[-74.716123864067,39.2045790196072],[-74.7169281631982,39.2051214204195],[-74.7171890852955,39.2053368845432],[-74.7174658120972,39.2055217920663],[-74.7177646988143,39.2057215050246]]}},{"type":"Feature","id":135796,"properties":{"OBJECTID":135796,"PRIMENAME":"Unnamed Segment","ELEVTYP_F":0,"ELEVTYP_T":0},"geometry":{"type":"LineString","coordinates":[[-74.7128723532791,39.2009534884718],[-74.7129543638245,39.2010149943213],[-74.7131490866098,39.2011760567218]]}},{"type":"Feature","id":136417,"properties":{"OBJECTID":136417,"PRIMENAME":"Unnamed Segment","ELEVTYP_F":0,"ELEVTYP_T":0},"geometry":{"type":"LineString","coordinates":[[-74.7223116044374,39.2015150724788],[-74.7222942418406,39.201498778011],[-74.7221967023915,39.2013916757726],[-74.7219723417406,39.201210943236]]}},{"type":"Feature","id":136936,"properties":{"OBJECTID":136936,"PRIMENAME":"Unnamed Segment","ELEVTYP_F":0,"ELEVTYP_T":0},"geometry":{"type":"LineString","coordinates":[[-74.724319691742,39.2017595668499],[-74.724408830365,39.2018113155922],[-74.7246846215831,39.2019957097174]]}},{"type":"Feature","id":137894,"properties":{"OBJECTID":137894,"PRIMENAME":"Unnamed Segment","ELEVTYP_F":0,"ELEVTYP_T":0},"geometry":{"type":"LineString","coordinates":[[-74.6695479980255,39.2474702982993],[-74.6694581471787,39.2473903861347],[-74.669280654697,39.2472476047214],[-74.6691075941176,39.2470589005734],[-74.6689095138079,39.2468543391674],[-74.6688366825948,39.2467891069216],[-74.6686638496711,39.246693996743],[-74.6683091718345,39.2465338095798],[-74.6681362546438,39.2464382663381]]}},{"type":"Feature","id":139507,"properties":{"OBJECTID":139507,"PRIMENAME":"Unnamed Segment","ELEVTYP_F":0,"ELEVTYP_T":0},"geometry":{"type":"LineString","coordinates":[[-74.728932222462,39.1884889286805],[-74.7289354417604,39.1885942092311],[-74.7289531438355,39.1887263449362],[-74.7289821169844,39.1887845323774],[-74.7290629804622,39.1888650188691],[-74.7291495509747,39.1889298132484],[-74.7292880147591,39.18901914689],[-74.7294929038462,39.189151335585],[-74.7297091088343,39.1892692152693],[-74.7300259405516,39.1895132488132]]}},{"type":"Feature","id":140569,"properties":{"OBJECTID":140569,"PRIMENAME":"Unnamed Segment","ELEVTYP_F":0,"ELEVTYP_T":0},"geometry":{"type":"LineString","coordinates":[[-74.7142393356211,39.2002422649144],[-74.714189512989,39.2002947309639]]}},{"type":"Feature","id":140790,"properties":{"OBJECTID":140790,"PRIMENAME":"North Pebble Drive","ELEVTYP_F":0,"ELEVTYP_T":0},"geometry":{"type":"LineString","coordinates":[[-74.7115934016449,39.2188588883981],[-74.7124198734049,39.2193520779604]]}},{"type":"Feature","id":141123,"properties":{"OBJECTID":141123,"PRIMENAME":"Unnamed Segment","ELEVTYP_F":0,"ELEVTYP_T":0},"geometry":{"type":"LineString","coordinates":[[-74.728932222462,39.1884889286805],[-74.7284355445131,39.1888976123352]]}},{"type":"Feature","id":141887,"properties":{"OBJECTID":141887,"PRIMENAME":"Unnamed Segment","ELEVTYP_F":0,"ELEVTYP_T":0},"geometry":{"type":"LineString","coordinates":[[-74.7157243372346,39.201301060211],[-74.7157174208831,39.2013026566817],[-74.7155882558359,39.2013324764204],[-74.7151915291775,39.2014849840166]]}},{"type":"Feature","id":141890,"properties":{"OBJECTID":141890,"PRIMENAME":"Harrys Court","ELEVTYP_F":0,"ELEVTYP_T":0},"geometry":{"type":"LineString","coordinates":[[-74.6739510366529,39.233701215454],[-74.673946390155,39.2336925735387],[-74.6739369954573,39.2336627142937],[-74.6739357643778,39.2336355885829],[-74.6739345208183,39.2336038767727],[-74.6739321749556,39.2335831224846],[-74.6739263039126,39.2335650092843],[-74.6739204475209,39.2335523604875],[-74.6739099267753,39.2335379061876],[-74.673891276178,39.2335198399909],[-74.6738691453967,39.233508093794],[-74.6738474845659,39.2335004375536],[-74.6738217677901,39.2334948475568],[-74.6737943999728,39.2334923624711],[-74.6737678896562,39.2334937748856],[-74.6737360970158,39.233501126228],[-74.6737097859779,39.2335119555933],[-74.6736888852036,39.2335264567698],[-74.6736691283331,39.233546392737],[-74.6736587293603,39.233567220983],[-74.673654123012,39.2335889468258],[-74.6736564867946,39.2336170041095],[-74.6736624157989,39.2336450299535],[-74.673678723434,39.233672160213],[-74.6737043666711,39.2336911231498],[-74.6737358575767,39.2337046399582],[-74.6737684319262,39.2337136248752],[-74.673808022646,39.2337190293304],[-74.6738580411784,39.2337153027247],[-74.6739510366529,39.233701215454]]}},{"type":"Feature","id":143224,"properties":{"OBJECTID":143224,"PRIMENAME":"Unnamed Segment","ELEVTYP_F":0,"ELEVTYP_T":0},"geometry":{"type":"LineString","coordinates":[[-74.6859632317759,39.237531569267],[-74.686967657419,39.238032211489],[-74.6869811001771,39.2380360121218]]}},{"type":"Feature","id":143717,"properties":{"OBJECTID":143717,"PRIMENAME":"Octopus Drive","ELEVTYP_F":0,"ELEVTYP_T":0},"geometry":{"type":"LineString","coordinates":[[-74.7135365854199,39.2190119348758],[-74.7134555868441,39.219077933119],[-74.7134145864532,39.2191139333527],[-74.7133545840778,39.219165933791],[-74.7132925858728,39.2192239346797],[-74.7132305855065,39.2192839344813],[-74.7131655867642,39.2193439343311],[-74.7131075842692,39.2193979335266],[-74.71304658528,39.2194529344913],[-74.7129915848086,39.2195059336214],[-74.7129375855032,39.2195549357128],[-74.7128625762785,39.2196162526864]]}},{"type":"Feature","id":144279,"properties":{"OBJECTID":144279,"PRIMENAME":"Unnamed Segment","ELEVTYP_F":0,"ELEVTYP_T":0},"geometry":{"type":"LineString","coordinates":[[-74.7134118518756,39.2009119135531],[-74.7135266351385,39.2011065759664],[-74.7136920433961,39.2013188963314],[-74.7138353571105,39.2015028537417],[-74.7139541114821,39.2015998301986],[-74.7141231254999,39.2016745626889],[-74.7145256615092,39.2018926993772]]}},{"type":"Feature","id":144380,"properties":{"OBJECTID":144380,"PRIMENAME":"West Putnam Avenue","ELEVTYP_F":0,"ELEVTYP_T":0},"geometry":{"type":"LineString","coordinates":[[-74.6594794383282,39.1948014429003],[-74.6597614511564,39.1949543254484],[-74.6605071362991,39.1953653558214]]}},{"type":"Feature","id":144467,"properties":{"OBJECTID":144467,"PRIMENAME":"North Pebble Drive","ELEVTYP_F":0,"ELEVTYP_T":0},"geometry":{"type":"LineString","coordinates":[[-74.7085275796867,39.2169569665855],[-74.7085505669107,39.2170047550416],[-74.7086459678834,39.217099928133],[-74.7089240927252,39.2172659121805]]}},{"type":"Feature","id":145352,"properties":{"OBJECTID":145352,"PRIMENAME":"Cindy Lane","ELEVTYP_F":0,"ELEVTYP_T":0},"geometry":{"type":"LineString","coordinates":[[-74.6621739872873,39.2477210075909],[-74.6616596584615,39.2470898766288],[-74.6614369284129,39.2468215167527],[-74.6614038860931,39.2467639844159],[-74.6614036622662,39.2467628731061]]}},{"type":"Feature","id":146444,"properties":{"OBJECTID":146444,"PRIMENAME":"FR CO 625 WB TO GSP NB","ELEVTYP_F":0,"ELEVTYP_T":0},"geometry":{"type":"LineString","coordinates":[[-74.7281914578361,39.17020528328],[-74.72845615828,39.1703925469654],[-74.7285249026485,39.1704457624838],[-74.7285707168249,39.1704871886354],[-74.7286165657732,39.1705286147003],[-74.7286522626364,39.170572037105],[-74.7286905124767,39.1706193812396],[-74.7287262338923,39.1706707120262],[-74.7287594046432,39.1707180931314],[-74.7287976828202,39.170785206956],[-74.7288283454852,39.1708424778559],[-74.7288539469733,39.1709056898014],[-74.7288770029399,39.1709669023766]]}},{"type":"Feature","id":147222,"properties":{"OBJECTID":147222,"PRIMENAME":"Unnamed Segment","ELEVTYP_F":0,"ELEVTYP_T":0},"geometry":{"type":"LineString","coordinates":[[-74.7278677921507,39.1883331429931],[-74.7274415817618,39.1886374580017],[-74.7274070953433,39.1886554465231],[-74.7273366575809,39.1886582009012],[-74.7272832226589,39.1886265660313],[-74.7272341914988,39.1885975394738],[-74.7271994381738,39.1885326426374],[-74.7272308737475,39.1884608973998],[-74.7275922480413,39.1881517498177]]}},{"type":"Feature","id":148217,"properties":{"OBJECTID":148217,"PRIMENAME":"Unnamed Segment","ELEVTYP_F":0,"ELEVTYP_T":0},"geometry":{"type":"LineString","coordinates":[[-74.7223033808155,39.2006118319248],[-74.7224069955791,39.2006947756616],[-74.7225134267435,39.2007543733417],[-74.7226548929613,39.2008335889774],[-74.7226881912707,39.2008484656525]]}},{"type":"Feature","id":149465,"properties":{"OBJECTID":149465,"PRIMENAME":"Unnamed Segment","ELEVTYP_F":0,"ELEVTYP_T":0},"geometry":{"type":"LineString","coordinates":[[-74.7196230061704,39.2065068646885],[-74.719783191794,39.2062238220018]]}},{"type":"Feature","id":149675,"properties":{"OBJECTID":149675,"PRIMENAME":"Unnamed Segment","ELEVTYP_F":0,"ELEVTYP_T":0},"geometry":{"type":"LineString","coordinates":[[-74.7279771152718,39.196039719789],[-74.7279644151669,39.1960479097954],[-74.7279096289661,39.1960832413767],[-74.7276342530178,39.1962608304767],[-74.7275832159721,39.1963219031074],[-74.7275683580818,39.1963875965973],[-74.7275708544286,39.1963945200332],[-74.7275835639932,39.1964297790606],[-74.7276199120467,39.1964859912408],[-74.7277045627282,39.1965679043888],[-74.7277790057091,39.196609898972],[-74.7280608436823,39.1967688879691],[-74.7281026480079,39.1968378117872]]}},{"type":"Feature","id":149678,"properties":{"OBJECTID":149678,"PRIMENAME":"Unnamed Segment","ELEVTYP_F":0,"ELEVTYP_T":0},"geometry":{"type":"LineString","coordinates":[[-74.6728189176535,39.2321327680959],[-74.6720707961508,39.2316140695221]]}},{"type":"Feature","id":149991,"properties":{"OBJECTID":149991,"PRIMENAME":"Hope Corson Road","ELEVTYP_F":0,"ELEVTYP_T":0},"geometry":{"type":"LineString","coordinates":[[-74.6996304410133,39.2209296374737],[-74.6994203972389,39.2208002056221],[-74.6977257312351,39.2197484076716],[-74.6976235467496,39.2196849842442],[-74.6956618287739,39.2184765750643],[-74.6944242109176,39.2177207684395]]}},{"type":"Feature","id":150451,"properties":{"OBJECTID":150451,"PRIMENAME":"Unnamed Segment","ELEVTYP_F":0,"ELEVTYP_T":0},"geometry":{"type":"LineString","coordinates":[[-74.7177646988143,39.2057215050246],[-74.7180508037024,39.2054783577219]]}},{"type":"Feature","id":155686,"properties":{"OBJECTID":155686,"PRIMENAME":"Unnamed Segment","ELEVTYP_F":0,"ELEVTYP_T":0},"geometry":{"type":"LineString","coordinates":[[-74.703340848343,39.2095201294118],[-74.7026485723555,39.2090983031773]]}},{"type":"Feature","id":157792,"properties":{"OBJECTID":157792,"PRIMENAME":"Unnamed Segment","ELEVTYP_F":0,"ELEVTYP_T":0},"geometry":{"type":"LineString","coordinates":[[-74.7236405392852,39.2027122059985],[-74.7233984619682,39.2025537275025],[-74.723295101618,39.2024777728508]]}},{"type":"Feature","id":158826,"properties":{"OBJECTID":158826,"PRIMENAME":"East Rising Sun Drive","ELEVTYP_F":0,"ELEVTYP_T":0},"geometry":{"type":"LineString","coordinates":[[-74.7262231001243,39.1836874315059],[-74.7251997939726,39.1829483079095]]}},{"type":"Feature","id":160000,"properties":{"OBJECTID":160000,"PRIMENAME":"Old Stagecoach Road","ELEVTYP_F":0,"ELEVTYP_T":0},"geometry":{"type":"LineString","coordinates":[[-74.683268985222,39.2402947439425],[-74.6827297576661,39.2408469983721],[-74.6827007152539,39.2408767424055],[-74.6817143843208,39.2418874496855],[-74.6807787195915,39.2428529852412]]}},{"type":"Feature","id":160164,"properties":{"OBJECTID":160164,"PRIMENAME":"Milligan Drive","ELEVTYP_F":0,"ELEVTYP_T":0},"geometry":{"type":"LineString","coordinates":[[-74.7278800003864,39.1816287595695],[-74.7267398002257,39.1810850357945],[-74.7261388019393,39.1807984316318]]}},{"type":"Feature","id":160263,"properties":{"OBJECTID":160263,"PRIMENAME":"Shady Oaks Drive","ELEVTYP_F":0,"ELEVTYP_T":0},"geometry":{"type":"LineString","coordinates":[[-74.7069297422413,39.2173054339249],[-74.7074415849958,39.2175619350587],[-74.7075115830861,39.2175909342447],[-74.707667583287,39.2176629334972],[-74.7077645829525,39.2177069327679],[-74.7078545847221,39.217741935237],[-74.7079775841652,39.2178079339629],[-74.7080465826102,39.2178449330852],[-74.7081205848051,39.2178869345474],[-74.7081945847666,39.2179289341646]]}},{"type":"Feature","id":160462,"properties":{"OBJECTID":160462,"PRIMENAME":"Thicket Street","ELEVTYP_F":0,"ELEVTYP_T":0},"geometry":{"type":"LineString","coordinates":[[-74.7290039215004,39.2065944351219],[-74.729229002761,39.2065258156977],[-74.729255667193,39.2065188584808],[-74.7292830903673,39.2065140043806],[-74.7293109989737,39.2065113017752],[-74.7293391148638,39.2065107775996],[-74.7293671578236,39.2065124370781],[-74.729394848366,39.2065162636717],[-74.7294219105159,39.2065222192429],[-74.7294480745609,39.2065302444361],[-74.7299853815947,39.2067318478717]]}},{"type":"Feature","id":160698,"properties":{"OBJECTID":160698,"PRIMENAME":"Unnamed Segment","ELEVTYP_F":0,"ELEVTYP_T":0},"geometry":{"type":"LineString","coordinates":[[-74.7271714701178,39.2047436703588],[-74.7267094723984,39.2044415978388],[-74.7262677901667,39.2041733553143],[-74.7260659568961,39.2040382258898]]}},{"type":"Feature","id":160866,"properties":{"OBJECTID":160866,"PRIMENAME":"West Katherine Avenue","ELEVTYP_F":0,"ELEVTYP_T":0},"geometry":{"type":"LineString","coordinates":[[-74.7042752361022,39.2187459726428],[-74.7053153893271,39.2193238518328],[-74.7055355424447,39.2194198659689]]}},{"type":"Feature","id":160867,"properties":{"OBJECTID":160867,"PRIMENAME":"Old Stagecoach Road","ELEVTYP_F":0,"ELEVTYP_T":0},"geometry":{"type":"LineString","coordinates":[[-74.6925402236924,39.2307912880461],[-74.6922684067787,39.2310718019793],[-74.6922135151415,39.2311283096719],[-74.6912235310196,39.2321474592606],[-74.6907431976044,39.2326388812685]]}},{"type":"Feature","id":161094,"properties":{"OBJECTID":161094,"PRIMENAME":"Shady Oaks Drive","ELEVTYP_F":0,"ELEVTYP_T":0},"geometry":{"type":"LineString","coordinates":[[-74.7089415841229,39.2187119354373],[-74.7089895829416,39.2187409335474],[-74.7090365823923,39.2187699343317],[-74.7091605824228,39.2188279342281],[-74.7092665834859,39.2188569343643],[-74.7093355824399,39.2188779330652]]}},{"type":"Feature","id":161097,"properties":{"OBJECTID":161097,"PRIMENAME":"Elizabeth Lane","ELEVTYP_F":0,"ELEVTYP_T":0},"geometry":{"type":"LineString","coordinates":[[-74.6832924574391,39.2229621131092],[-74.6832819294364,39.2229449958867],[-74.6832772558041,39.222926084908],[-74.6832737111426,39.2229070901773],[-74.6832690304476,39.2228854614049],[-74.6832654706683,39.2228602059286],[-74.6832596295368,39.2228403635257],[-74.6832503337041,39.2228223111016],[-74.6832363533872,39.2228078909856],[-74.6832119626954,39.222795298811],[-74.6831910512827,39.2227899222137],[-74.6831838217532,39.2227884183865],[-74.6831609245737,39.2227836547684],[-74.6831388333038,39.2227864073059],[-74.6831156557482,39.2227918532271],[-74.6830889658005,39.2228045257181],[-74.6830774090552,39.2228126711706],[-74.6830647106896,39.2228298519401],[-74.6830554774243,39.2228496910175],[-74.6830578591522,39.222869538867],[-74.6830637049349,39.2228911928419],[-74.6830754026684,39.2229101207161],[-74.6830916484314,39.2229263767854],[-74.6831172076397,39.2229407246675],[-74.6831624552215,39.2229514986236],[-74.6831949851757,39.2229586694247],[-74.6832263035276,39.2229613109473],[-74.6832924574391,39.2229621131092]]}},{"type":"Feature","id":161100,"properties":{"OBJECTID":161100,"PRIMENAME":"Unnamed Segment","ELEVTYP_F":0,"ELEVTYP_T":0},"geometry":{"type":"LineString","coordinates":[[-74.717485706885,39.2059586045636],[-74.7174747049504,39.2059514896086],[-74.7171259079081,39.2057049085526],[-74.7166823776694,39.2054055229161],[-74.7163449521521,39.2051648043826],[-74.7156550686227,39.2047128250753],[-74.7152380315641,39.204413384834],[-74.7151550970808,39.2043538353448],[-74.7150788702432,39.204322437944],[-74.7150333227492,39.2042724879768],[-74.7149863254928,39.204220946193],[-74.71493074672,39.2041599921073]]}},{"type":"Feature","id":161333,"properties":{"OBJECTID":161333,"PRIMENAME":"Corsons Tavern Road","ELEVTYP_F":0,"ELEVTYP_T":0},"geometry":{"type":"LineString","coordinates":[[-74.7244436299764,39.1975000428491],[-74.723460633003,39.1980139589012],[-74.7232272750994,39.1981365097111]]}},{"type":"Feature","id":162128,"properties":{"OBJECTID":162128,"PRIMENAME":"North Pebble Drive","ELEVTYP_F":0,"ELEVTYP_T":0},"geometry":{"type":"LineString","coordinates":[[-74.7097183386363,39.217739912806],[-74.7100753822365,39.2179529906329]]}},{"type":"Feature","id":162212,"properties":{"OBJECTID":162212,"PRIMENAME":"Unnamed Segment","ELEVTYP_F":0,"ELEVTYP_T":0},"geometry":{"type":"LineString","coordinates":[[-74.723295101618,39.2024777728508],[-74.7235169430966,39.2021348967696],[-74.7237169987218,39.2017774694918],[-74.7237733004659,39.2017105249717],[-74.7239017705541,39.2015906790691],[-74.7239803742371,39.2015309622076]]}},{"type":"Feature","id":162268,"properties":{"OBJECTID":162268,"PRIMENAME":"State Highway 50","ELEVTYP_F":0,"ELEVTYP_T":0},"geometry":{"type":"LineString","coordinates":[[-74.7055355424447,39.2194198659689],[-74.7054747188139,39.2195394404898],[-74.7053752601396,39.2197858263193],[-74.7053037716627,39.2200010255643],[-74.7052483446102,39.2202286351239],[-74.7052089520085,39.2204593467885],[-74.7051656992071,39.220746159924],[-74.7050911187965,39.2212823689516],[-74.7050007844371,39.2219121243727],[-74.7048984999414,39.2225605730791],[-74.7048343219074,39.222948273397],[-74.704785407287,39.2232557720719]]}},{"type":"Feature","id":162509,"properties":{"OBJECTID":162509,"PRIMENAME":"West Randolph Avenue","ELEVTYP_F":0,"ELEVTYP_T":0},"geometry":{"type":"LineString","coordinates":[[-74.6596797990132,39.195749250018],[-74.6586172828008,39.1951680253663]]}},{"type":"Feature","id":163052,"properties":{"OBJECTID":163052,"PRIMENAME":"Shady Oaks Drive","ELEVTYP_F":0,"ELEVTYP_T":0},"geometry":{"type":"LineString","coordinates":[[-74.7095405846305,39.2180279345323],[-74.7093795840103,39.2180239333643],[-74.7092255854671,39.2180099345923],[-74.7091545853913,39.2180089342498],[-74.7090825839633,39.218004934094]]}},{"type":"Feature","id":163070,"properties":{"OBJECTID":163070,"PRIMENAME":"Linda Lane","ELEVTYP_F":0,"ELEVTYP_T":0},"geometry":{"type":"LineString","coordinates":[[-74.6907431976044,39.2326388812685],[-74.6913827813653,39.2331445022109],[-74.6921070798472,39.2337054159758],[-74.6924183155383,39.2339443847418]]}},{"type":"Feature","id":163590,"properties":{"OBJECTID":163590,"PRIMENAME":"Shady Oaks Drive","ELEVTYP_F":0,"ELEVTYP_T":0},"geometry":{"type":"LineString","coordinates":[[-74.7105195842586,39.2184299333839],[-74.7104615839108,39.2183939329002],[-74.7104055847657,39.2183579350786],[-74.7103005841774,39.2182919334589],[-74.7102275844504,39.2182449346702]]}},{"type":"Feature","id":164070,"properties":{"OBJECTID":164070,"PRIMENAME":"Shady Oaks Drive","ELEVTYP_F":0,"ELEVTYP_T":0},"geometry":{"type":"LineString","coordinates":[[-74.7086435841413,39.2186029330745],[-74.7088335831521,39.2186789343983],[-74.7089415841229,39.2187119354373]]}},{"type":"Feature","id":164175,"properties":{"OBJECTID":164175,"PRIMENAME":"Unnamed Segment","ELEVTYP_F":0,"ELEVTYP_T":0},"geometry":{"type":"LineString","coordinates":[[-74.7007555406933,39.2090743377134],[-74.7014634780348,39.2083761643802]]}},{"type":"Feature","id":164238,"properties":{"OBJECTID":164238,"PRIMENAME":"Shady Oaks Drive","ELEVTYP_F":0,"ELEVTYP_T":0},"geometry":{"type":"LineString","coordinates":[[-74.7090825839633,39.218004934094],[-74.7089905843067,39.218004933427],[-74.7089025853735,39.2180079342871],[-74.7087845843344,39.2180069342178],[-74.7087255839398,39.2180039338829],[-74.7086335831298,39.2179949354405],[-74.7085685840106,39.2179829338606],[-74.7084835849208,39.2180119333086],[-74.7083585835398,39.2180129343697]]}},{"type":"Feature","id":164468,"properties":{"OBJECTID":164468,"PRIMENAME":"Unnamed Segment","ELEVTYP_F":0,"ELEVTYP_T":0},"geometry":{"type":"LineString","coordinates":[[-74.7259632949349,39.202857760528],[-74.7253460858079,39.2037395964363]]}},{"type":"Feature","id":164764,"properties":{"OBJECTID":164764,"PRIMENAME":"Old Stagecoach Road","ELEVTYP_F":0,"ELEVTYP_T":0},"geometry":{"type":"LineString","coordinates":[[-74.6993206022857,39.2121724713221],[-74.699598354985,39.2123909690003],[-74.6997477688856,39.2125067472138],[-74.69996305599,39.2126394090709],[-74.7002925767477,39.212840133783],[-74.7007450382117,39.2131054713993],[-74.7013951850007,39.2135034977284],[-74.7019443539492,39.213826654437],[-74.7021069170655,39.2139219236944],[-74.7023045085749,39.2140102684655],[-74.7025855407838,39.2141360018602],[-74.7028227076814,39.2142515964276],[-74.7030951076759,39.214418309813],[-74.7032927904093,39.2145373773868],[-74.7036811503881,39.2147689612131]]}},{"type":"Feature","id":164815,"properties":{"OBJECTID":164815,"PRIMENAME":"Unnamed Segment","ELEVTYP_F":0,"ELEVTYP_T":0},"geometry":{"type":"LineString","coordinates":[[-74.723501258386,39.2012423023559],[-74.7233095431939,39.2016006087377],[-74.7229410773559,39.2021762043176]]}},{"type":"Feature","id":164872,"properties":{"OBJECTID":164872,"PRIMENAME":"Commonwealth Drive","ELEVTYP_F":0,"ELEVTYP_T":0},"geometry":{"type":"LineString","coordinates":[[-74.6553732262462,39.1987831109404],[-74.6551481475534,39.1990349768988],[-74.6549766615062,39.1992344912361],[-74.6548892051751,39.1993574245396],[-74.6548543253541,39.1994311672314],[-74.6548480204058,39.1994523452095]]}},{"type":"Feature","id":165052,"properties":{"OBJECTID":165052,"PRIMENAME":"Unnamed Segment","ELEVTYP_F":0,"ELEVTYP_T":0},"geometry":{"type":"LineString","coordinates":[[-74.7255897611392,39.203795958383],[-74.7254413502257,39.2037616302682],[-74.7253460858079,39.2037395964363]]}},{"type":"Feature","id":165677,"properties":{"OBJECTID":165677,"PRIMENAME":"Dickenson Way","ELEVTYP_F":0,"ELEVTYP_T":0},"geometry":{"type":"LineString","coordinates":[[-74.7029438121259,39.2155034146238],[-74.7036811503881,39.2147689612131]]}},{"type":"Feature","id":165893,"properties":{"OBJECTID":165893,"PRIMENAME":"North Drive","ELEVTYP_F":0,"ELEVTYP_T":0},"geometry":{"type":"LineString","coordinates":[[-74.6847015569399,39.2269985331701],[-74.6852820890449,39.2274493960673]]}},{"type":"Feature","id":165992,"properties":{"OBJECTID":165992,"PRIMENAME":"Landis Avenue","ELEVTYP_F":0,"ELEVTYP_T":0},"geometry":{"type":"LineString","coordinates":[[-74.6710041149658,39.1813526045217],[-74.6710029885519,39.1813539520247],[-74.6708272633498,39.1815476410179],[-74.6708268327696,39.1815481172908]]}},{"type":"Feature","id":166383,"properties":{"OBJECTID":166383,"PRIMENAME":"South Drive","ELEVTYP_F":0,"ELEVTYP_T":0},"geometry":{"type":"LineString","coordinates":[[-74.6864461138835,39.2270505738716],[-74.6855644746916,39.2263270806218]]}},{"type":"Feature","id":166942,"properties":{"OBJECTID":166942,"PRIMENAME":"Bayview Drive","ELEVTYP_F":0,"ELEVTYP_T":0},"geometry":{"type":"LineString","coordinates":[[-74.6613021736257,39.1949947346137],[-74.6618846342059,39.1947292642731],[-74.6620367497291,39.1946668609983],[-74.6621166039421,39.194637151191],[-74.6621964728171,39.194613344478],[-74.662272529425,39.1945895421189],[-74.6623866538541,39.1945627499388],[-74.6625882665427,39.1945121112112],[-74.6627175630762,39.1944852696078],[-74.6628659842641,39.1944584281541],[-74.6630295925427,39.1944374693321],[-74.6633568349861,39.1944073573018]]}},{"type":"Feature","id":166955,"properties":{"OBJECTID":166955,"PRIMENAME":"Nadine Boulevard","ELEVTYP_F":0,"ELEVTYP_T":0},"geometry":{"type":"LineString","coordinates":[[-74.6830062908698,39.2294780794152],[-74.6825041934605,39.2291192309842],[-74.6820228385079,39.2287519738435],[-74.6808864897801,39.2279081680267],[-74.6799890144944,39.2272269142461]]}},{"type":"Feature","id":168587,"properties":{"OBJECTID":168587,"PRIMENAME":"Nadine Boulevard","ELEVTYP_F":0,"ELEVTYP_T":0},"geometry":{"type":"LineString","coordinates":[[-74.6846331169343,39.231083961986],[-74.684564486325,39.2310572179455],[-74.684495765978,39.2310236087904],[-74.6844378785208,39.2309871547405],[-74.6843546532512,39.2309283083272],[-74.6840144536023,39.230681620994],[-74.6836923889114,39.2304433601383],[-74.6835982618482,39.2303732727109],[-74.683522261217,39.2303087580032],[-74.6834606356198,39.2302330178967],[-74.6834062304289,39.2301375796723],[-74.6833807198923,39.2300477243144],[-74.6833588075728,39.2299438607999],[-74.6833477303036,39.2298651854202],[-74.6833258635672,39.2297921553994],[-74.6832787267289,39.229722021666],[-74.6832062495676,39.2296406692099],[-74.6830650744962,39.2295200791835],[-74.6830062908698,39.2294780794152]]}},{"type":"Feature","id":168590,"properties":{"OBJECTID":168590,"PRIMENAME":"Brewhause Lane","ELEVTYP_F":0,"ELEVTYP_T":0},"geometry":{"type":"LineString","coordinates":[[-74.6945667872437,39.2215444889991],[-74.6946413908997,39.2215407412297],[-74.6947939991146,39.2215439732519],[-74.6949421833974,39.2215681630844],[-74.6950903955776,39.2216028131211],[-74.6952162035139,39.2216410146549],[-74.695342024086,39.2216966795241],[-74.6954679028828,39.2217732668392],[-74.6955758884557,39.2218638595377],[-74.6957424565189,39.2220381534278],[-74.6959405302851,39.2222438060272],[-74.6961295557269,39.2224320370509],[-74.6963230124677,39.2225888222276],[-74.6965343179761,39.2227281143772],[-74.6968040951157,39.2228847699562],[-74.6974425931667,39.2232712219959],[-74.6985404413068,39.2239131214196],[-74.6989826938548,39.2241777971877]]}},{"type":"Feature","id":168887,"properties":{"OBJECTID":168887,"PRIMENAME":"Osprey Drive","ELEVTYP_F":0,"ELEVTYP_T":0},"geometry":{"type":"LineString","coordinates":[[-74.6892460955296,39.2239004048381],[-74.6879716267885,39.2229557924974]]}},{"type":"Feature","id":169397,"properties":{"OBJECTID":169397,"PRIMENAME":"Pin Oak Drive","ELEVTYP_F":0,"ELEVTYP_T":0},"geometry":{"type":"LineString","coordinates":[[-74.7086435841413,39.2186029330745],[-74.7087505823913,39.2185019330526],[-74.7087895836577,39.2184569351381],[-74.7088295840366,39.2184169350284],[-74.7088685848219,39.2183749341508],[-74.7089035826088,39.2183229340133],[-74.7089425846483,39.2182669333013],[-74.7089735843253,39.2182179328719],[-74.7090285836937,39.2181369333106],[-74.7090465852725,39.2180809324076],[-74.7090825839633,39.218004934094]]}},{"type":"Feature","id":169439,"properties":{"OBJECTID":169439,"PRIMENAME":"Bayview Drive","ELEVTYP_F":0,"ELEVTYP_T":0},"geometry":{"type":"LineString","coordinates":[[-74.6555535747408,39.1999311696631],[-74.6560755799556,39.1993483733801],[-74.6561215140428,39.1992951265992]]}},{"type":"Feature","id":169953,"properties":{"OBJECTID":169953,"PRIMENAME":"Unnamed Segment","ELEVTYP_F":0,"ELEVTYP_T":0},"geometry":{"type":"LineString","coordinates":[[-74.7240319613731,39.2029560066358],[-74.7246846215831,39.2019957097174]]}},{"type":"Feature","id":170051,"properties":{"OBJECTID":170051,"PRIMENAME":"East Sherman Avenue","ELEVTYP_F":0,"ELEVTYP_T":0},"geometry":{"type":"LineString","coordinates":[[-74.6569415766553,39.1951062362578],[-74.6581165559857,39.1957282080125]]}},{"type":"Feature","id":170778,"properties":{"OBJECTID":170778,"PRIMENAME":"Peach Orchard Road","ELEVTYP_F":0,"ELEVTYP_T":0},"geometry":{"type":"LineString","coordinates":[[-74.7218877292512,39.2158617607298],[-74.7218876671103,39.2158420182421],[-74.7218791026299,39.2158122981324],[-74.7218407877559,39.2157727507647],[-74.721811814409,39.2157533588012],[-74.721275206432,39.2153942280543],[-74.7211098796068,39.2152818570398]]}},{"type":"Feature","id":170812,"properties":{"OBJECTID":170812,"PRIMENAME":"Old Stagecoach Road","ELEVTYP_F":0,"ELEVTYP_T":0},"geometry":{"type":"LineString","coordinates":[[-74.6894453550822,39.2339671601401],[-74.6890264036246,39.2343960648056],[-74.688452020057,39.2349798313532],[-74.6879953047755,39.2354581614186],[-74.6871613468652,39.2363014002796],[-74.6868360490774,39.2366284167995],[-74.6861682163936,39.23732294791],[-74.6859632317759,39.237531569267]]}},{"type":"Feature","id":171015,"properties":{"OBJECTID":171015,"PRIMENAME":"Tyler Road","ELEVTYP_F":0,"ELEVTYP_T":0},"geometry":{"type":"LineString","coordinates":[[-74.7058015387835,39.2282160161656],[-74.7057870581922,39.2283467385221],[-74.7057763530668,39.2284404688699],[-74.7057768672108,39.2286165241696],[-74.7058156509696,39.2293973968113],[-74.7058584980821,39.230311622633],[-74.7058740754387,39.2306410002122],[-74.7058969245598,39.2311649808186],[-74.7059132028102,39.2315382634853],[-74.7059968382003,39.2326853088516],[-74.7060987952848,39.2338181262626],[-74.706193267992,39.2349140550939],[-74.706310109683,39.2361604363082],[-74.7064119303552,39.2372676902165],[-74.7064951035357,39.2382273393751],[-74.706544030553,39.2387298584612],[-74.7065970218154,39.2393658116192],[-74.7066571129283,39.2399421704763],[-74.7067250577991,39.2406917155238],[-74.7067777688224,39.2412311299566],[-74.706793345973,39.241557679093],[-74.706816004098,39.2418188669519],[-74.7068249066007,39.2423612146591],[-74.706826237337,39.2424869388886]]}},{"type":"Feature","id":171103,"properties":{"OBJECTID":171103,"PRIMENAME":"Sandberg Place","ELEVTYP_F":0,"ELEVTYP_T":0},"geometry":{"type":"LineString","coordinates":[[-74.7029438121259,39.2155034146238],[-74.701473007106,39.2146258214087],[-74.7008493159953,39.2142560090666],[-74.7007042322701,39.2141699829043]]}},{"type":"Feature","id":171333,"properties":{"OBJECTID":171333,"PRIMENAME":"Klains Lane","ELEVTYP_F":0,"ELEVTYP_T":0},"geometry":{"type":"LineString","coordinates":[[-74.6781255244385,39.2455654566505],[-74.6777336113503,39.2452473591228],[-74.6772445457727,39.2448392660168]]}},{"type":"Feature","id":172086,"properties":{"OBJECTID":172086,"PRIMENAME":"Peach Orchard Road","ELEVTYP_F":0,"ELEVTYP_T":0},"geometry":{"type":"LineString","coordinates":[[-74.7097224994213,39.2205948276792],[-74.7101781944303,39.2208381844905],[-74.7106967821921,39.221124424188],[-74.7112407654159,39.2213908188701],[-74.7121419023238,39.2218644951901],[-74.7123115767405,39.2219545483153]]}},{"type":"Feature","id":172425,"properties":{"OBJECTID":172425,"PRIMENAME":"Anchorage Avenue","ELEVTYP_F":0,"ELEVTYP_T":0},"geometry":{"type":"LineString","coordinates":[[-74.7139590341328,39.2148334594038],[-74.7137169041287,39.2150782740717],[-74.7134841806689,39.215306432643],[-74.7133911077268,39.2153891120717],[-74.713259863481,39.2154785067386],[-74.7130265100277,39.2156324704041],[-74.7129337753428,39.215693655021]]}},{"type":"Feature","id":173460,"properties":{"OBJECTID":173460,"PRIMENAME":"FR CO 625 WB TO GSP NB","ELEVTYP_F":0,"ELEVTYP_T":0},"geometry":{"type":"LineString","coordinates":[[-74.7288770029399,39.1709669023766],[-74.7288924470694,39.1710301342617],[-74.7289053306121,39.1710874409602],[-74.7289131487501,39.1711486834573],[-74.7289159261323,39.1712218251094],[-74.7289161952383,39.1713048286521],[-74.7288987631136,39.171411617546],[-74.7288562917547,39.1716291108866],[-74.7287937526159,39.1719237706053],[-74.7287213384921,39.1722954964785],[-74.7286663218745,39.1725604875676],[-74.7286387429462,39.1726712230608],[-74.7286111181441,39.1727681749238],[-74.7285758616279,39.1728611059977],[-74.7285406026763,39.1729422297901],[-74.7285153577948,39.1729896984715],[-74.7284673519941,39.1730668934613],[-74.728404164039,39.1731618836006],[-74.7282626020331,39.173357850757],[-74.7278543815724,39.1739594468216]]}},{"type":"Feature","id":173605,"properties":{"OBJECTID":173605,"PRIMENAME":"Unnamed Segment","ELEVTYP_F":0,"ELEVTYP_T":0},"geometry":{"type":"LineString","coordinates":[[-74.7196230061704,39.2065068646885],[-74.7186850885658,39.2058933011365],[-74.7180508037024,39.2054783577219]]}},{"type":"Feature","id":173772,"properties":{"OBJECTID":173772,"PRIMENAME":"Sea Grove Road","ELEVTYP_F":0,"ELEVTYP_T":0},"geometry":{"type":"LineString","coordinates":[[-74.7278677921507,39.1883331429931],[-74.7279920844951,39.1884149668132],[-74.728192532716,39.1885239817152]]}},{"type":"Feature","id":173973,"properties":{"OBJECTID":173973,"PRIMENAME":"Unnamed Segment","ELEVTYP_F":0,"ELEVTYP_T":0},"geometry":{"type":"LineString","coordinates":[[-74.6869811001771,39.2380360121218],[-74.6870841258111,39.2380651370995],[-74.6871863478293,39.2380782168341],[-74.687191484146,39.2380804038966]]}},{"type":"Feature","id":174047,"properties":{"OBJECTID":174047,"PRIMENAME":"Unnamed Segment","ELEVTYP_F":0,"ELEVTYP_T":0},"geometry":{"type":"LineString","coordinates":[[-74.719783191794,39.2062238220018],[-74.719933951188,39.2060439998258]]}},{"type":"Feature","id":175052,"properties":{"OBJECTID":175052,"PRIMENAME":"Haddock Drive","ELEVTYP_F":0,"ELEVTYP_T":0},"geometry":{"type":"LineString","coordinates":[[-74.7114725852844,39.2176119341129],[-74.7112797920296,39.217765464768],[-74.7107516662124,39.2179774688976],[-74.7104232316523,39.2181605771869]]}},{"type":"Feature","id":175609,"properties":{"OBJECTID":175609,"PRIMENAME":"Unnamed Segment","ELEVTYP_F":0,"ELEVTYP_T":0},"geometry":{"type":"LineString","coordinates":[[-74.7180508037024,39.2054783577219],[-74.7183272766513,39.2052433929038]]}},{"type":"Feature","id":175748,"properties":{"OBJECTID":175748,"PRIMENAME":"Bass Drive","ELEVTYP_F":0,"ELEVTYP_T":0},"geometry":{"type":"LineString","coordinates":[[-74.7091693854198,39.2162757617102],[-74.7090756527535,39.2163731926744],[-74.7089038467501,39.2164906809622],[-74.7086168008619,39.2165926171906],[-74.7083796596189,39.2166494561475]]}},{"type":"Feature","id":176195,"properties":{"OBJECTID":176195,"PRIMENAME":"Unnamed Segment","ELEVTYP_F":0,"ELEVTYP_T":0},"geometry":{"type":"LineString","coordinates":[[-74.7246846215831,39.2019957097174],[-74.7249570494556,39.2021778548923],[-74.7251307483824,39.2022939889451]]}},{"type":"Feature","id":176769,"properties":{"OBJECTID":176769,"PRIMENAME":"Tompkins Lane","ELEVTYP_F":0,"ELEVTYP_T":0},"geometry":{"type":"LineString","coordinates":[[-74.7234076267563,39.1898448564657],[-74.7229726795232,39.1895748221244],[-74.7226649097498,39.1893650855799],[-74.7223570622304,39.1891521368852],[-74.7218440291903,39.1887770838143],[-74.721664406942,39.1886659212248]]}},{"type":"Feature","id":178179,"properties":{"OBJECTID":178179,"PRIMENAME":"Corsons Tavern Road","ELEVTYP_F":0,"ELEVTYP_T":0},"geometry":{"type":"LineString","coordinates":[[-74.718907044216,39.2004034673148],[-74.7183527449336,39.2006941280326],[-74.7178409895198,39.2009634396961],[-74.7165271922979,39.2016548116662],[-74.7155510557716,39.2021650239265]]}},{"type":"Feature","id":178595,"properties":{"OBJECTID":178595,"PRIMENAME":"Somers Avenue","ELEVTYP_F":0,"ELEVTYP_T":0},"geometry":{"type":"LineString","coordinates":[[-74.7211098796068,39.2152818570398],[-74.7205098011242,39.2148741262478],[-74.7197634861885,39.2143714468528]]}},{"type":"Feature","id":178707,"properties":{"OBJECTID":178707,"PRIMENAME":"FR GSP TO US 9","ELEVTYP_F":0,"ELEVTYP_T":0},"geometry":{"type":"LineString","coordinates":[[-74.7001630887964,39.2037426425984],[-74.702569121841,39.2066398829468],[-74.70372597391,39.2080743012923],[-74.7041315600745,39.2085657483389]]}},{"type":"Feature","id":178773,"properties":{"OBJECTID":178773,"PRIMENAME":"Commonwealth Avenue","ELEVTYP_F":0,"ELEVTYP_T":0},"geometry":{"type":"LineString","coordinates":[[-74.6692557505786,39.1832995091989],[-74.6690209842913,39.1835601745587],[-74.6681674595712,39.1845140762717],[-74.6672649416623,39.1855280916626],[-74.6664498017647,39.1864273401481],[-74.6662259434776,39.186684223179],[-74.6654073113733,39.1875943693062],[-74.6646866481799,39.1884033829522],[-74.6639029103609,39.189269811755],[-74.6635075822824,39.1897207533774],[-74.6630520638242,39.1902221030389],[-74.6627203576146,39.1905871789436],[-74.662585427659,39.1907383112592],[-74.6621637302965,39.191210639311],[-74.6618736366057,39.1915355604564],[-74.6616487443036,39.1917859382043]]}},{"type":"Feature","id":179030,"properties":{"OBJECTID":179030,"PRIMENAME":"Seaview Avenue","ELEVTYP_F":0,"ELEVTYP_T":0},"geometry":{"type":"LineString","coordinates":[[-74.6666811773293,39.2416766290792],[-74.6674219502523,39.2411477277416]]}},{"type":"Feature","id":179185,"properties":{"OBJECTID":179185,"PRIMENAME":"Foxborough Road","ELEVTYP_F":0,"ELEVTYP_T":0},"geometry":{"type":"LineString","coordinates":[[-74.6975577218886,39.2215387703685],[-74.6976758294134,39.2216124299694],[-74.6980581016316,39.2218562064807],[-74.6984484005029,39.2221034542636]]}},{"type":"Feature","id":179354,"properties":{"OBJECTID":179354,"PRIMENAME":"Shady Oaks Drive","ELEVTYP_F":0,"ELEVTYP_T":0},"geometry":{"type":"LineString","coordinates":[[-74.7083585835398,39.2180129343697],[-74.7084335854052,39.2180909337343],[-74.7084395827443,39.2181429342558],[-74.7084485835823,39.2181959329273],[-74.7084505824012,39.2182519339837],[-74.7084755833205,39.2183089334355],[-74.7085165840559,39.2184019338596],[-74.7085465822717,39.2184519330042],[-74.7085845827776,39.2185109351253],[-74.7086435841413,39.2186029330745]]}},{"type":"Feature","id":179733,"properties":{"OBJECTID":179733,"PRIMENAME":"East Tower Road","ELEVTYP_F":0,"ELEVTYP_T":0},"geometry":{"type":"LineString","coordinates":[[-74.7114975857791,39.2198869349921],[-74.7115165863859,39.2198579351987],[-74.7115395834693,39.2198119330817],[-74.7115725849679,39.2197469349994],[-74.7115925845969,39.2197039344765],[-74.7116295863173,39.2196309342425],[-74.7116685859513,39.2195499336953],[-74.7117155846298,39.2194659341458],[-74.711753584735,39.2194069345612],[-74.7118485844844,39.2192809347602],[-74.7118865856781,39.2192389328958],[-74.7119665867267,39.2191699332898]]}},{"type":"Feature","id":180130,"properties":{"OBJECTID":180130,"PRIMENAME":"Shady Oaks Drive","ELEVTYP_F":0,"ELEVTYP_T":0},"geometry":{"type":"LineString","coordinates":[[-74.7123165856864,39.2196209334814],[-74.7123015859278,39.219608934735],[-74.7122665864898,39.2195609338158],[-74.7122345851472,39.2195059333773],[-74.7122005850108,39.2194459342598],[-74.7121685863235,39.2193879340323],[-74.7121395857123,39.2193429345234],[-74.7120705851966,39.219237934162],[-74.7120285829359,39.2192029340878],[-74.7119665867267,39.2191699332898]]}},{"type":"Feature","id":180351,"properties":{"OBJECTID":180351,"PRIMENAME":"Pin Oak Drive","ELEVTYP_F":0,"ELEVTYP_T":0},"geometry":{"type":"LineString","coordinates":[[-74.6761619321869,39.2459652005135],[-74.6772445457727,39.2448392660168]]}},{"type":"Feature","id":180402,"properties":{"OBJECTID":180402,"PRIMENAME":"Arrowhead Trail","ELEVTYP_F":0,"ELEVTYP_T":0},"geometry":{"type":"LineString","coordinates":[[-74.7184075685821,39.1990368587519],[-74.7179800559121,39.1987867529654],[-74.7177774514177,39.1986560497765],[-74.7175917021931,39.1985208943642],[-74.717428409896,39.198390117135],[-74.7172876100084,39.1982636361416],[-74.716972453902,39.1980457172988],[-74.7161733953749,39.1975490416564],[-74.7157289131992,39.1972832809045],[-74.7156644985668,39.1972551464092],[-74.7156311231466,39.1972458178935],[-74.7156023490036,39.1972408192687],[-74.7155727069695,39.1972408741178],[-74.7155434642454,39.197244305446],[-74.7155134311846,39.1972546845574],[-74.715492943109,39.1972706203661],[-74.7151570301179,39.1975902425889],[-74.7151130662117,39.1976379076022],[-74.7150898497575,39.1976733973669],[-74.7150787826115,39.1977127373833],[-74.7150836465851,39.1977455124417],[-74.7150957879107,39.1977695152596],[-74.7151175679784,39.1977948731505],[-74.7151520903293,39.1978218551319],[-74.7155346645824,39.1980483859931],[-74.716345027871,39.1985712943675],[-74.7175211313594,39.1993120209211],[-74.7176010659208,39.1993600320069],[-74.7176488959018,39.1993760874002],[-74.7176898117222,39.1993816123396],[-74.7177306009192,39.1993802452256],[-74.717770710457,39.1993758597744],[-74.7178156562299,39.1993607012106],[-74.7178693994959,39.1993375916385],[-74.7184075685821,39.1990368587519]]}},{"type":"Feature","id":180975,"properties":{"OBJECTID":180975,"PRIMENAME":"Neptune Drive","ELEVTYP_F":0,"ELEVTYP_T":0},"geometry":{"type":"LineString","coordinates":[[-74.7125632017872,39.2194376070881],[-74.7126425841787,39.2193529337025],[-74.7126955852818,39.2193039353703],[-74.7127545856059,39.2192539333421],[-74.7128085846069,39.2192079329002],[-74.7128525837467,39.2191589338244],[-74.7129025855447,39.2191039350411],[-74.7129645853762,39.2190479341989],[-74.7130545849477,39.2189639329551],[-74.7131385837582,39.2188889347088],[-74.7132185839614,39.2188259346729]]}},{"type":"Feature","id":181123,"properties":{"OBJECTID":181123,"PRIMENAME":"Unnamed Segment","ELEVTYP_F":0,"ELEVTYP_T":0},"geometry":{"type":"LineString","coordinates":[[-74.6692556440285,39.2476244738685],[-74.6695479980255,39.2474702982993]]}},{"type":"Feature","id":181155,"properties":{"OBJECTID":181155,"PRIMENAME":"Bayview Avenue","ELEVTYP_F":0,"ELEVTYP_T":0},"geometry":{"type":"LineString","coordinates":[[-74.6699905920642,39.2421402942481],[-74.6690248550242,39.2413256970403],[-74.6681726446464,39.2406082370185]]}},{"type":"Feature","id":181584,"properties":{"OBJECTID":181584,"PRIMENAME":"North Bayview Drive","ELEVTYP_F":0,"ELEVTYP_T":0},"geometry":{"type":"LineString","coordinates":[[-74.654227299476,39.2017566735164],[-74.6542311376136,39.201805938629],[-74.6542236725404,39.2018622370986],[-74.6541971742208,39.2019126008446],[-74.6541363522335,39.2019689699143],[-74.6540565057839,39.2020075708447],[-74.6539613616882,39.2020224955099],[-74.6539121992032,39.2020187301231],[-74.6538852296106,39.2020166659057],[-74.653820430309,39.2019812217],[-74.6537442143715,39.2019368958918],[-74.6536451721846,39.2018955656826],[-74.653561365717,39.2018660216334],[-74.6534319003762,39.2018395860839],[-74.6532605730373,39.2018249847667],[-74.6531349770951,39.2018251499177],[-74.6530550467204,39.2018252549507],[-74.6529965482032,39.2018253317862],[-74.6529788918997,39.2018253549714],[-74.652879914534,39.2018136506413],[-74.6527576716058,39.2017812188252]]}},{"type":"Feature","id":181667,"properties":{"OBJECTID":181667,"PRIMENAME":"Old Stagecoach Road","ELEVTYP_F":0,"ELEVTYP_T":0},"geometry":{"type":"LineString","coordinates":[[-74.6807787195915,39.2428529852412],[-74.6805411451064,39.2430981354579],[-74.6796550982066,39.2439953535623],[-74.6796295290452,39.2440216142668]]}},{"type":"Feature","id":181734,"properties":{"OBJECTID":181734,"PRIMENAME":"FR GSP NB TO GSP NB","ELEVTYP_F":0,"ELEVTYP_T":0},"geometry":{"type":"LineString","coordinates":[[-74.7214061530524,39.1823735678482],[-74.7213948611167,39.1823847578673],[-74.721336299989,39.1824305577157],[-74.7212582165498,39.1824840291904],[-74.7211833704455,39.1825349126716],[-74.7211150165683,39.1825858108097],[-74.7210434397093,39.1826443216797],[-74.720981647337,39.1826952081922],[-74.7209231094908,39.1827486135441],[-74.7208580751987,39.1828121917074],[-74.7207735592239,39.1828961250998],[-74.7201481836755,39.1835857504549]]}},{"type":"Feature","id":182723,"properties":{"OBJECTID":182723,"PRIMENAME":"Harriett Lane","ELEVTYP_F":0,"ELEVTYP_T":0},"geometry":{"type":"LineString","coordinates":[[-74.6901003234043,39.2224431312966],[-74.6893332302056,39.2222232934777],[-74.6892254274796,39.2221850833709],[-74.6891400121714,39.2221363475504],[-74.6889511118537,39.2220004936342],[-74.6884878415927,39.2216451216675],[-74.6873814136969,39.2208089633671]]}},{"type":"Feature","id":183530,"properties":{"OBJECTID":183530,"PRIMENAME":"South Pebble Drive","ELEVTYP_F":0,"ELEVTYP_T":0},"geometry":{"type":"LineString","coordinates":[[-74.7132185839614,39.2188259346729],[-74.7131365848675,39.218775933701],[-74.7130665840739,39.2187349343442],[-74.7130155857339,39.2186999348617],[-74.7129815863836,39.2186529340444]]}},{"type":"Feature","id":184023,"properties":{"OBJECTID":184023,"PRIMENAME":"Tyler Road","ELEVTYP_F":0,"ELEVTYP_T":0},"geometry":{"type":"LineString","coordinates":[[-74.706826237337,39.2424869388886],[-74.7068297987088,39.2428231139002]]}},{"type":"Feature","id":184246,"properties":{"OBJECTID":184246,"PRIMENAME":"Pacific Avenue","ELEVTYP_F":0,"ELEVTYP_T":0},"geometry":{"type":"LineString","coordinates":[[-74.6653817851531,39.2405942211571],[-74.6648726689396,39.240158783868],[-74.6646230883394,39.2399548273907]]}},{"type":"Feature","id":184396,"properties":{"OBJECTID":184396,"PRIMENAME":"Ashcroft Avenue","ELEVTYP_F":0,"ELEVTYP_T":0},"geometry":{"type":"LineString","coordinates":[[-74.7121967302403,39.2089215351961],[-74.7125649989013,39.2091620498658],[-74.7138228009912,39.2099834425637],[-74.7147359590433,39.210576051536],[-74.7153281122952,39.2109580975349],[-74.7154342501324,39.2110265734991]]}},{"type":"Feature","id":184785,"properties":{"OBJECTID":184785,"PRIMENAME":"Corsons Tavern Road","ELEVTYP_F":0,"ELEVTYP_T":0},"geometry":{"type":"LineString","coordinates":[[-74.7070200416971,39.206638896155],[-74.7068225687246,39.2067426516306],[-74.7058566680929,39.2072527092264],[-74.7056491241675,39.2073652942424]]}},{"type":"Feature","id":185246,"properties":{"OBJECTID":185246,"PRIMENAME":"Butter Road","ELEVTYP_F":0,"ELEVTYP_T":0},"geometry":{"type":"LineString","coordinates":[[-74.6821113572448,39.2449685503746],[-74.6822522303306,39.2451929574505],[-74.6827195919043,39.2459477385119],[-74.6832272896614,39.2467541651798],[-74.6833132001397,39.2468906213948],[-74.6838216579169,39.2477015933064],[-74.6840300168052,39.2480313828341],[-74.684367894104,39.2485589884071],[-74.6846015576237,39.2489351392488],[-74.685141561168,39.2497925124769],[-74.6853878728778,39.2501808873737],[-74.6856910656717,39.2506718615768],[-74.6862910714863,39.2516269361494],[-74.6868216897546,39.2524720703481],[-74.6872417188557,39.2531462392491],[-74.6877785664064,39.2540011616135],[-74.6883218728839,39.2548756476531],[-74.6888399160074,39.2557012157511],[-74.6893010159021,39.2564389282662],[-74.6899611819391,39.2574941315691],[-74.6906149724548,39.2585346516127],[-74.6910288510132,39.2592063722231],[-74.6912941743329,39.259626498254],[-74.6914205437482,39.2598341143749],[-74.6914869304369,39.2599464695414],[-74.6915058900303,39.2599831487547],[-74.6915280330661,39.2600344295941],[-74.6915376093104,39.2600882029595],[-74.6915437162996,39.2601258086319]]}},{"type":"Feature","id":186067,"properties":{"OBJECTID":186067,"PRIMENAME":"Unnamed Segment","ELEVTYP_F":0,"ELEVTYP_T":0},"geometry":{"type":"LineString","coordinates":[[-74.7239803742371,39.2015309622076],[-74.7240010992089,39.2015482751068],[-74.724173301366,39.2016745793796],[-74.724319691742,39.2017595668499]]}},{"type":"Feature","id":186414,"properties":{"OBJECTID":186414,"PRIMENAME":"Unnamed Segment","ELEVTYP_F":0,"ELEVTYP_T":0},"geometry":{"type":"LineString","coordinates":[[-74.7282482596487,39.205241321388],[-74.7283487544491,39.2052421838381],[-74.7284867775689,39.2052806075776],[-74.7286453882662,39.2053928607975],[-74.7288004041912,39.2055025715034],[-74.7288628539468,39.2055296233465],[-74.7289171494208,39.2055418283478],[-74.7289646177276,39.2055399775438],[-74.7290097264933,39.2055082282327],[-74.7290704687236,39.2054166500212]]}},{"type":"Feature","id":186582,"properties":{"OBJECTID":186582,"PRIMENAME":"Crestview Drive","ELEVTYP_F":0,"ELEVTYP_T":0},"geometry":{"type":"LineString","coordinates":[[-74.6918012024327,39.2194029272478],[-74.6916550816403,39.2193565722827],[-74.6915696618608,39.2193183274967],[-74.691466272507,39.2192661087733],[-74.6913403740579,39.2191790287558],[-74.6911110481841,39.2190257811612],[-74.6908711610493,39.2188560490002]]}},{"type":"Feature","id":186799,"properties":{"OBJECTID":186799,"PRIMENAME":"Huntington Lane","ELEVTYP_F":0,"ELEVTYP_T":0},"geometry":{"type":"LineString","coordinates":[[-74.7232272750994,39.1981365097111],[-74.7230827003174,39.1979686370479],[-74.7230198571817,39.1978806189094],[-74.7229754244092,39.1977896828361],[-74.7229301501653,39.1976892472632],[-74.7228960994424,39.1975669621021],[-74.7228563899463,39.1974402943872],[-74.7228224692399,39.1973704527786],[-74.7227598836132,39.1972856184442],[-74.72271262204,39.1972368349706],[-74.7226541083346,39.1971897746557],[-74.7224958656785,39.1970957605772],[-74.7222201115262,39.1969214656716],[-74.7218824970281,39.1967123608068],[-74.7217080617509,39.1966078061021],[-74.7215674499269,39.1965425046052],[-74.721454972951,39.1965033997589],[-74.7212976258469,39.196468745478],[-74.7211571516314,39.1964471282536],[-74.7210223921556,39.1964473839728],[-74.7208483283407,39.1964608662177],[-74.7206743326556,39.1964961491507],[-74.7203095921,39.1965929953032]]}},{"type":"Feature","id":187866,"properties":{"OBJECTID":187866,"PRIMENAME":"Shady Oaks Drive","ELEVTYP_F":0,"ELEVTYP_T":0},"geometry":{"type":"LineString","coordinates":[[-74.7102275844504,39.2182449346702],[-74.7101675852441,39.2182049343551],[-74.7100875827054,39.2181489335007],[-74.7099645844996,39.2180869339916],[-74.7098995837543,39.2180589344077]]}},{"type":"Feature","id":188059,"properties":{"OBJECTID":188059,"PRIMENAME":"Unnamed Segment","ELEVTYP_F":0,"ELEVTYP_T":0},"geometry":{"type":"LineString","coordinates":[[-74.7225819628216,39.2017270987981],[-74.7223690606046,39.2015689902845],[-74.7223116044374,39.2015150724788]]}},{"type":"Feature","id":188788,"properties":{"OBJECTID":188788,"PRIMENAME":"Unnamed Segment","ELEVTYP_F":0,"ELEVTYP_T":0},"geometry":{"type":"LineString","coordinates":[[-74.6886730027023,39.2380295543704],[-74.6886707593434,39.2380206362071],[-74.688633716027,39.2379677194303],[-74.6883774908152,39.2376855831926],[-74.6882409817435,39.237588676643],[-74.6881757960307,39.2375482951712]]}},{"type":"Feature","id":188917,"properties":{"OBJECTID":188917,"PRIMENAME":"Unnamed Segment","ELEVTYP_F":0,"ELEVTYP_T":0},"geometry":{"type":"LineString","coordinates":[[-74.7292186224725,39.1991651281014],[-74.7291419918717,39.1992658775861],[-74.7291984149639,39.1993157952746],[-74.7293271513911,39.1993593179375],[-74.7297254794958,39.1995086210254],[-74.730029938216,39.199622738706],[-74.7302609094771,39.1998014851847],[-74.7303818452143,39.1999169383014],[-74.7305134986259,39.2000426233671],[-74.7306356395404,39.20010717316],[-74.7307603494811,39.2001475736086],[-74.7308567873995,39.2001442557674],[-74.7309410136984,39.2000940592797],[-74.7309649294481,39.2000346028326],[-74.7309687155371,39.200027947179],[-74.7310215722053,39.1999350268491],[-74.7310461811261,39.1998917659881]]}},{"type":"Feature","id":189105,"properties":{"OBJECTID":189105,"PRIMENAME":"Bayview Drive","ELEVTYP_F":0,"ELEVTYP_T":0},"geometry":{"type":"LineString","coordinates":[[-74.6583894597234,39.1967169382303],[-74.6585584845842,39.1965285969943],[-74.658797693432,39.1962616863836],[-74.6588508231838,39.1961935198838],[-74.6588825001946,39.1961575342976]]}},{"type":"Feature","id":189621,"properties":{"OBJECTID":189621,"PRIMENAME":"Unnamed Segment","ELEVTYP_F":0,"ELEVTYP_T":0},"geometry":{"type":"LineString","coordinates":[[-74.7224793203239,39.182874235206],[-74.7225831223823,39.182537754045],[-74.7226958876998,39.1822803931772]]}},{"type":"Feature","id":189672,"properties":{"OBJECTID":189672,"PRIMENAME":"Unnamed Segment","ELEVTYP_F":0,"ELEVTYP_T":0},"geometry":{"type":"LineString","coordinates":[[-74.7297675504244,39.1897621854232],[-74.7296500138276,39.1896860029428],[-74.7291866944243,39.1893856914022],[-74.7287412812134,39.1890829466278],[-74.7284355445131,39.1888976123352]]}},{"type":"Feature","id":189704,"properties":{"OBJECTID":189704,"PRIMENAME":"State Highway 50","ELEVTYP_F":0,"ELEVTYP_T":0},"geometry":{"type":"LineString","coordinates":[[-74.7059889437616,39.2186081123463],[-74.7059250681079,39.2187095705079],[-74.7057934784599,39.2189279787774],[-74.7056619619026,39.2191713190447],[-74.7055355424447,39.2194198659689]]}},{"type":"Feature","id":190635,"properties":{"OBJECTID":190635,"PRIMENAME":"Unnamed Segment","ELEVTYP_F":0,"ELEVTYP_T":0},"geometry":{"type":"LineString","coordinates":[[-74.7139720629155,39.199993080237],[-74.7140617201618,39.2000839060077],[-74.714167242693,39.2002182623362],[-74.714189512989,39.2002947309639]]}},{"type":"Feature","id":190858,"properties":{"OBJECTID":190858,"PRIMENAME":"Bayview Drive","ELEVTYP_F":0,"ELEVTYP_T":0},"geometry":{"type":"LineString","coordinates":[[-74.6578821315582,39.1972822895823],[-74.6583894597234,39.1967169382303]]}},{"type":"Feature","id":191159,"properties":{"OBJECTID":191159,"PRIMENAME":"Unnamed Segment","ELEVTYP_F":0,"ELEVTYP_T":0},"geometry":{"type":"LineString","coordinates":[[-74.6698369346095,39.2472346328138],[-74.6698988532085,39.2472799513646],[-74.6700600485487,39.2474107007724],[-74.6701784464003,39.2475341419341],[-74.6703605054359,39.2476857469924],[-74.6705197345429,39.2477879379308],[-74.6706766610794,39.2478777699842],[-74.6707789650286,39.2479200038974],[-74.6709335925859,39.2479974778346],[-74.6710146125766,39.2480380708414],[-74.6711906592135,39.2481719272282],[-74.6716230538253,39.2485297737685],[-74.671882530511,39.2487607286923],[-74.6720243634173,39.2488869682568],[-74.6721400710271,39.2489899563032],[-74.67224894795,39.2490692256743],[-74.6725675210743,39.2493159840055],[-74.6726892670732,39.2494102857938],[-74.672756432595,39.2494799362465],[-74.6728089260234,39.2495840479104],[-74.6728409224976,39.2496652324178],[-74.6728524337669,39.2497287893283],[-74.6728412259487,39.2497888478166],[-74.6728209076928,39.2498383252077],[-74.67277109652,39.249901971301],[-74.672709894204,39.2499515093138],[-74.67264409936,39.2499798621709],[-74.6725555861478,39.2500064812317],[-74.6724488552606,39.2500137035915],[-74.6723579889772,39.2500067738222]]}},{"type":"Feature","id":191272,"properties":{"OBJECTID":191272,"PRIMENAME":"West Putnam Avenue","ELEVTYP_F":0,"ELEVTYP_T":0},"geometry":{"type":"LineString","coordinates":[[-74.6591184911069,39.194605671553],[-74.6594794383282,39.1948014429003]]}},{"type":"Feature","id":191673,"properties":{"OBJECTID":191673,"PRIMENAME":"Shady Oaks Drive","ELEVTYP_F":0,"ELEVTYP_T":0},"geometry":{"type":"LineString","coordinates":[[-74.7104175833059,39.2192439350568],[-74.7104255843387,39.2192489328244],[-74.7105415839039,39.219311933593],[-74.7106065829132,39.2193559333626],[-74.7106945846541,39.2194149344587],[-74.7107595836839,39.2194449343383]]}},{"type":"Feature","id":191810,"properties":{"OBJECTID":191810,"PRIMENAME":"Unnamed Segment","ELEVTYP_F":0,"ELEVTYP_T":0},"geometry":{"type":"LineString","coordinates":[[-74.7155015334561,39.1990392379882],[-74.7151566146354,39.1992618804464]]}},{"type":"Feature","id":191939,"properties":{"OBJECTID":191939,"PRIMENAME":"Old Stagecoach Road","ELEVTYP_F":0,"ELEVTYP_T":0},"geometry":{"type":"LineString","coordinates":[[-74.6899461964455,39.233454430773],[-74.6894453550822,39.2339671601401]]}},{"type":"Feature","id":192946,"properties":{"OBJECTID":192946,"PRIMENAME":"State Highway 50","ELEVTYP_F":0,"ELEVTYP_T":0},"geometry":{"type":"LineString","coordinates":[[-74.7073513947052,39.21572413601],[-74.7073507760223,39.2157523808628],[-74.7073434604167,39.2159892682673],[-74.7073278573571,39.2161326515583],[-74.7072884280133,39.2163477950868],[-74.7072766286973,39.2163973734874],[-74.7072409400997,39.2165473298223],[-74.7071575808665,39.2168155446046],[-74.7070262559822,39.2171212137277],[-74.7069297422413,39.2173054339249]]}},{"type":"Feature","id":193354,"properties":{"OBJECTID":193354,"PRIMENAME":"South Pebble Drive","ELEVTYP_F":0,"ELEVTYP_T":0},"geometry":{"type":"LineString","coordinates":[[-74.711109601459,39.2173600464246],[-74.7110945832382,39.2173509338123],[-74.7109495845538,39.2172609332419],[-74.7108955845552,39.2172279335959],[-74.7108315841189,39.2171869337303],[-74.7107565835963,39.2171409334015],[-74.7107325857642,39.2171259338441]]}},{"type":"Feature","id":194364,"properties":{"OBJECTID":194364,"PRIMENAME":"3rd Street","ELEVTYP_F":0,"ELEVTYP_T":0},"geometry":{"type":"LineString","coordinates":[[-74.6857025361434,39.22709132069],[-74.6851550850029,39.2266541827666]]}},{"type":"Feature","id":194516,"properties":{"OBJECTID":194516,"PRIMENAME":"Ray Ling Drive","ELEVTYP_F":0,"ELEVTYP_T":0},"geometry":{"type":"LineString","coordinates":[[-74.7115934016449,39.2188588883981],[-74.7116631522726,39.2187736287083],[-74.711718491115,39.2187247986266],[-74.7117792028466,39.2186773514343],[-74.7118435317268,39.2186424281833],[-74.7119257721085,39.2186116485628],[-74.7120208996903,39.2185728802869],[-74.7120862282461,39.2185650583669],[-74.712139685508,39.2185603388692],[-74.7122347519428,39.2185632483502],[-74.712325739473,39.2185261088627],[-74.712418515704,39.21842580792],[-74.7124777453531,39.218365619917],[-74.71255932344,39.2182744007378]]}},{"type":"Feature","id":195629,"properties":{"OBJECTID":195629,"PRIMENAME":"State Highway 50","ELEVTYP_F":0,"ELEVTYP_T":0},"geometry":{"type":"LineString","coordinates":[[-74.7046808500537,39.2239129823025],[-74.7046544672063,39.2240788713979],[-74.7045718477941,39.2245963953962],[-74.7045246557519,39.2249143792096],[-74.7045131602149,39.2250889459199],[-74.7045135672349,39.2252291971494],[-74.7045259854174,39.2253725297437],[-74.7045504960916,39.2255345675415],[-74.7045911047,39.2257090427342],[-74.7046356041574,39.2258616821748],[-74.7046961666687,39.2260142933684],[-74.7047929081101,39.2262136002737],[-74.7048437078076,39.2263108752865]]}},{"type":"Feature","id":198555,"properties":{"OBJECTID":198555,"PRIMENAME":"Klains Lane","ELEVTYP_F":0,"ELEVTYP_T":0},"geometry":{"type":"LineString","coordinates":[[-74.6772445457727,39.2448392660168],[-74.6769641162118,39.2446052621843],[-74.6757321514946,39.2435871734991],[-74.6753108089717,39.2432395397448],[-74.675113882862,39.243069244575],[-74.6750085080785,39.242952132393],[-74.6749742254507,39.2429106143356]]}},{"type":"Feature","id":199062,"properties":{"OBJECTID":199062,"PRIMENAME":"Unnamed Segment","ELEVTYP_F":0,"ELEVTYP_T":0},"geometry":{"type":"LineString","coordinates":[[-74.7251307483824,39.2022939889451],[-74.7254106148066,39.202481103882],[-74.7255355419748,39.2025662430373]]}},{"type":"Feature","id":199177,"properties":{"OBJECTID":199177,"PRIMENAME":"Ocean Crest Avenue","ELEVTYP_F":0,"ELEVTYP_T":0},"geometry":{"type":"LineString","coordinates":[[-74.6659775346543,39.244196343858],[-74.66612063385,39.2441001765541],[-74.6663182468002,39.2439565954872],[-74.6663727501808,39.2439193675408]]}},{"type":"Feature","id":200629,"properties":{"OBJECTID":200629,"PRIMENAME":"Seaview Avenue","ELEVTYP_F":0,"ELEVTYP_T":0},"geometry":{"type":"LineString","coordinates":[[-74.6674219502523,39.2411477277416],[-74.6680440290294,39.2407035347167],[-74.6681726446464,39.2406082370185]]}},{"type":"Feature","id":200666,"properties":{"OBJECTID":200666,"PRIMENAME":"Old Stagecoach Road","ELEVTYP_F":0,"ELEVTYP_T":0},"geometry":{"type":"LineString","coordinates":[[-74.7036811503881,39.2147689612131],[-74.7044965587284,39.2152551480411],[-74.705116039479,39.2156293469394],[-74.705388404313,39.2157926228094],[-74.7055773461773,39.2159014594346],[-74.7057004310969,39.2160001714111],[-74.7057928191265,39.2161023696528],[-74.705858950883,39.2162182600059],[-74.7058856306935,39.2163375972658],[-74.705907968369,39.2164808583494],[-74.705934722196,39.2166377574032],[-74.7059439302925,39.2167810407808],[-74.7059267858993,39.2169175343362],[-74.7058920496927,39.2170370080553],[-74.7058178360215,39.2171633608956],[-74.7057085618028,39.2172863983885],[-74.7054418293379,39.217556362495],[-74.7050263853211,39.2179835629436],[-74.7050183612518,39.2179915665322]]}},{"type":"Feature","id":201019,"properties":{"OBJECTID":201019,"PRIMENAME":"Old Stagecoach Road","ELEVTYP_F":0,"ELEVTYP_T":0},"geometry":{"type":"LineString","coordinates":[[-74.7032220716794,39.2198318046134],[-74.7025469088905,39.2205296285842],[-74.7016635410933,39.2214386538855],[-74.7012073673223,39.2218965527062]]}},{"type":"Feature","id":202220,"properties":{"OBJECTID":202220,"PRIMENAME":"Unnamed Segment","ELEVTYP_F":0,"ELEVTYP_T":0},"geometry":{"type":"LineString","coordinates":[[-74.7140426553691,39.2029544400951],[-74.7140533498275,39.202961607291],[-74.7154331326966,39.2038861848851]]}},{"type":"Feature","id":202235,"properties":{"OBJECTID":202235,"PRIMENAME":"State Highway 50","ELEVTYP_F":0,"ELEVTYP_T":0},"geometry":{"type":"LineString","coordinates":[[-74.7058015387835,39.2282160161656],[-74.7059980971677,39.2286238217168],[-74.7062280372748,39.2291345595731],[-74.7065748507157,39.2298788628871],[-74.7068571556886,39.2304861293861],[-74.7071072279316,39.2310435627618],[-74.7072766304979,39.231407921324],[-74.7074177849985,39.2317099754767],[-74.7075912350928,39.2320930527496],[-74.70774447726,39.2324231457275],[-74.7078896689666,39.232728321529],[-74.7080267209751,39.2330023754429],[-74.7081516311609,39.2332296636653],[-74.7082764972864,39.2334413828099],[-74.7085060752668,39.2338305640277],[-74.7089048157219,39.2344968415724],[-74.709162597666,39.2349296006308],[-74.7096137240457,39.2356955067702],[-74.7101776303468,39.2366388562203],[-74.7104192811959,39.2370436076764],[-74.7107116728968,39.2375354687231],[-74.7108986247698,39.2378499569576],[-74.7112611934189,39.2384601969046],[-74.711929882949,39.2395841261799],[-74.7126791582336,39.2408450254385],[-74.7133801242752,39.2420249823281],[-74.7134275427111,39.2421050825415]]}},{"type":"Feature","id":202666,"properties":{"OBJECTID":202666,"PRIMENAME":"Unnamed Segment","ELEVTYP_F":0,"ELEVTYP_T":0},"geometry":{"type":"LineString","coordinates":[[-74.7284445312891,39.2043577633626],[-74.7276511109585,39.2050362261939]]}},{"type":"Feature","id":203283,"properties":{"OBJECTID":203283,"PRIMENAME":"East Williams Avenue","ELEVTYP_F":0,"ELEVTYP_T":0},"geometry":{"type":"LineString","coordinates":[[-74.6528928415434,39.1991651137809],[-74.6529248157543,39.199166471713],[-74.6529607949312,39.1991759796287],[-74.6530074528599,39.1991954682631],[-74.6531866214129,39.1993136843915],[-74.6538422814921,39.1997837161099],[-74.6542449932895,39.2000410095211]]}},{"type":"Feature","id":203699,"properties":{"OBJECTID":203699,"PRIMENAME":"Commonwealth Drive","ELEVTYP_F":0,"ELEVTYP_T":0},"geometry":{"type":"LineString","coordinates":[[-74.6537686286767,39.2005746707026],[-74.6536152826752,39.2007457962939],[-74.6534773464539,39.2009059724651]]}},{"type":"Feature","id":203914,"properties":{"OBJECTID":203914,"PRIMENAME":"Old Stagecoach Road","ELEVTYP_F":0,"ELEVTYP_T":0},"geometry":{"type":"LineString","coordinates":[[-74.6767428576078,39.2469830119208],[-74.6764223031218,39.247311144692],[-74.675698463438,39.2480542314934],[-74.6755431201784,39.2482137029848],[-74.6750663464699,39.2487029035211]]}},{"type":"Feature","id":204925,"properties":{"OBJECTID":204925,"PRIMENAME":"McDonald Drive","ELEVTYP_F":0,"ELEVTYP_T":0},"geometry":{"type":"LineString","coordinates":[[-74.6999651458798,39.2231682926141],[-74.7013272284465,39.2239419185478],[-74.7016284173845,39.2241159711978],[-74.7016959267769,39.2241577546169],[-74.7017409635216,39.2242170115757],[-74.7018852715446,39.2244506980138],[-74.7021211365601,39.2248513311224]]}},{"type":"Feature","id":204959,"properties":{"OBJECTID":204959,"PRIMENAME":"Alexa Road","ELEVTYP_F":0,"ELEVTYP_T":0},"geometry":{"type":"LineString","coordinates":[[-74.7155405937799,39.205877617773],[-74.7145769274001,39.2067498790044],[-74.7144381919983,39.2068766311097]]}},{"type":"Feature","id":205604,"properties":{"OBJECTID":205604,"PRIMENAME":"Lynnette Drive","ELEVTYP_F":0,"ELEVTYP_T":0},"geometry":{"type":"LineString","coordinates":[[-74.6632266334837,39.2473152020492],[-74.6633964686596,39.2474904430996],[-74.6636974720632,39.2477938349447],[-74.6637717300177,39.2478833231397],[-74.6638171366048,39.2479568171607],[-74.6638379248633,39.2480431141095],[-74.6638383960166,39.2481241121487],[-74.6638177021272,39.2481998953474],[-74.6637685060904,39.2482734953832],[-74.6637069836924,39.2483309951397],[-74.6636568169438,39.2483668698857],[-74.6630364073644,39.248780010367]]}},{"type":"Feature","id":205919,"properties":{"OBJECTID":205919,"PRIMENAME":"Chestnut Oak Drive","ELEVTYP_F":0,"ELEVTYP_T":0},"geometry":{"type":"LineString","coordinates":[[-74.7113865840425,39.2189049341718],[-74.7113495840206,39.2189819349222],[-74.7112915836286,39.2190389329792],[-74.7112665839118,39.2190809353952],[-74.7112395845614,39.2191269339116],[-74.7112225845053,39.2191719350886],[-74.7111985845203,39.2192179353631],[-74.7111705839908,39.2192819342674],[-74.7111485843841,39.2193439332542],[-74.7111285848335,39.2194009353089],[-74.7111095855057,39.2194489344508],[-74.7110905856724,39.2194979335117],[-74.7110705845556,39.2195459344617],[-74.7110365839145,39.219599934176],[-74.7109815847378,39.2196059342382]]}},{"type":"Feature","id":206980,"properties":{"OBJECTID":206980,"PRIMENAME":"FR US 9 TO GSP","ELEVTYP_F":0,"ELEVTYP_T":0},"geometry":{"type":"LineString","coordinates":[[-74.7041784022948,39.2085046988395],[-74.7040368213174,39.2083235697529],[-74.7039199506765,39.2081833121324]]}},{"type":"Feature","id":207795,"properties":{"OBJECTID":207795,"PRIMENAME":"McDonald Drive","ELEVTYP_F":0,"ELEVTYP_T":0},"geometry":{"type":"LineString","coordinates":[[-74.7021211365601,39.2248513311224],[-74.7026881595279,39.2258144280004],[-74.7028234782825,39.2260376404912]]}},{"type":"Feature","id":208763,"properties":{"OBJECTID":208763,"PRIMENAME":"Sea Grove Road","ELEVTYP_F":0,"ELEVTYP_T":0},"geometry":{"type":"LineString","coordinates":[[-74.7269609731406,39.1877361675309],[-74.7273095050663,39.1879656145201]]}},{"type":"Feature","id":208901,"properties":{"OBJECTID":208901,"PRIMENAME":"West Willard Road","ELEVTYP_F":0,"ELEVTYP_T":0},"geometry":{"type":"LineString","coordinates":[[-74.6555535747408,39.1999311696631],[-74.6556774116592,39.2000152439359],[-74.6558908618235,39.2001541400609]]}},{"type":"Feature","id":209517,"properties":{"OBJECTID":209517,"PRIMENAME":"Unnamed Segment","ELEVTYP_F":0,"ELEVTYP_T":0},"geometry":{"type":"LineString","coordinates":[[-74.7272664950969,39.1982558596239],[-74.7277926440101,39.1980050427224],[-74.7280277471056,39.1978770004894]]}},{"type":"Feature","id":209719,"properties":{"OBJECTID":209719,"PRIMENAME":"West Prescott Road","ELEVTYP_F":0,"ELEVTYP_T":0},"geometry":{"type":"LineString","coordinates":[[-74.6596237905153,39.1940457809198],[-74.6598281368303,39.194157582642],[-74.6599655077058,39.1942319940452]]}},{"type":"Feature","id":210019,"properties":{"OBJECTID":210019,"PRIMENAME":"Chadwyn Drive","ELEVTYP_F":0,"ELEVTYP_T":0},"geometry":{"type":"LineString","coordinates":[[-74.6846249237181,39.2440016669883],[-74.6845551484445,39.2440415905121],[-74.6843927478657,39.2441064820522],[-74.6841112057509,39.2442108531192],[-74.6832666575305,39.2445296463233],[-74.6821113572448,39.2449685503746]]}},{"type":"Feature","id":211405,"properties":{"OBJECTID":211405,"PRIMENAME":"Leenie Lane","ELEVTYP_F":0,"ELEVTYP_T":0},"geometry":{"type":"LineString","coordinates":[[-74.694801469864,39.2190485805273],[-74.6942327915255,39.2198725378383]]}},{"type":"Feature","id":211837,"properties":{"OBJECTID":211837,"PRIMENAME":"Bay Avenue","ELEVTYP_F":0,"ELEVTYP_T":0},"geometry":{"type":"LineString","coordinates":[[-74.6557198648011,39.2022907552698],[-74.6558150989894,39.202391558229],[-74.6567330016967,39.2033976037944],[-74.6575313557196,39.2042727765586],[-74.6576087318223,39.2043599869666],[-74.6576720850831,39.2044418067974],[-74.6577354220569,39.2045318088821],[-74.6577988183191,39.2046327118324],[-74.6578028875025,39.2046401949466],[-74.6578551638852,39.2047363691383],[-74.6579045820093,39.2048673292457],[-74.6579575192247,39.2050092404898],[-74.6579859103557,39.2051429198516],[-74.6580071700281,39.2052438789089],[-74.6580144859522,39.2053748960515],[-74.6580148040268,39.2055168506872],[-74.6579975707029,39.2056533646706],[-74.6579628458609,39.2058117313501],[-74.6579140859652,39.2059755814924],[-74.6578442688378,39.2061285312366],[-74.6577604175937,39.2062869643924],[-74.6576590071689,39.2064372389826],[-74.6575364777568,39.2065656860342],[-74.6574174893454,39.2066996196467],[-74.657266939193,39.2068444967225],[-74.6570603959021,39.2070440332608],[-74.6563741517185,39.2077028093089],[-74.6560205641144,39.2080417514276],[-74.6555093934284,39.2085419951946],[-74.6551942949668,39.2088453806692],[-74.6545220457482,39.2094959447222],[-74.6535731338007,39.2103979948873],[-74.6527818551776,39.2111688045399],[-74.651832929023,39.212084487024],[-74.6515493108296,39.2123523737043],[-74.6510065461399,39.2128799039609],[-74.6505968229602,39.2132516581506],[-74.650060911714,39.2137054798221],[-74.6496755578612,39.2140062498235],[-74.649209646753,39.2143698889948],[-74.6488908919294,39.21462139465],[-74.6485826229375,39.2148756597106],[-74.6483024244072,39.2151189872513],[-74.6482375180915,39.2151785869037],[-74.6480642799384,39.2153376589562],[-74.6478576384462,39.2155317425277],[-74.6477245583334,39.2156602203975],[-74.647650492483,39.215738183072],[-74.6475419220286,39.21585046334]]}},{"type":"Feature","id":212354,"properties":{"OBJECTID":212354,"PRIMENAME":"North Pebble Drive","ELEVTYP_F":0,"ELEVTYP_T":0},"geometry":{"type":"LineString","coordinates":[[-74.7092855492117,39.2174816293743],[-74.7097183386363,39.217739912806]]}},{"type":"Feature","id":212989,"properties":{"OBJECTID":212989,"PRIMENAME":"Corsons Tavern Road","ELEVTYP_F":0,"ELEVTYP_T":0},"geometry":{"type":"LineString","coordinates":[[-74.7124319503875,39.2037987596408],[-74.7110502341732,39.2045234557772],[-74.7109803965403,39.2045601011223]]}},{"type":"Feature","id":213863,"properties":{"OBJECTID":213863,"PRIMENAME":"Island View Terrace","ELEVTYP_F":0,"ELEVTYP_T":0},"geometry":{"type":"LineString","coordinates":[[-74.7032220716794,39.2198318046134],[-74.7030007367096,39.2197168419061],[-74.7028821085224,39.2196590585174],[-74.7027109459772,39.2195979342721],[-74.7025704373422,39.2195538353167],[-74.7022895043526,39.219482714692],[-74.7019998634511,39.2194149307511],[-74.7016092270598,39.2193200834145],[-74.7013414717471,39.2192523149052],[-74.701157120443,39.2191946433291],[-74.7009726848466,39.2191198936619],[-74.7007970406282,39.2190451555729],[-74.7005466742599,39.2189227694338],[-74.700436844686,39.2188546998296],[-74.7002786858771,39.2187594477833],[-74.7000808829722,39.2186130829305],[-74.6998655455217,39.2184565333048],[-74.6996942212459,39.2183613030443],[-74.6994833871327,39.2182490613462],[-74.6983984830012,39.2176879832146],[-74.6978406661736,39.217395522314],[-74.6972873088962,39.2171303436423],[-74.6968920567731,39.2169433692894],[-74.6967075852247,39.2168515889909],[-74.6965670539257,39.2167835945708],[-74.6964440468739,39.2167087331238],[-74.6963166090246,39.2166270705328],[-74.6961715777189,39.2165147118882],[-74.6959034305531,39.2163002266703],[-74.6950998699515,39.215690758642]]}},{"type":"Feature","id":213979,"properties":{"OBJECTID":213979,"PRIMENAME":"Luke Court","ELEVTYP_F":0,"ELEVTYP_T":0},"geometry":{"type":"LineString","coordinates":[[-74.7291878893739,39.2014766675704],[-74.7290479647281,39.2016715883967],[-74.7285278497295,39.2023630818783],[-74.7284686996693,39.2024380471772],[-74.728399988928,39.2025139095005],[-74.7283514419433,39.2025503028159],[-74.7282340614032,39.2026136307489],[-74.7281266955617,39.202653297501],[-74.7280456457504,39.2026676514963],[-74.7279767099597,39.2026741012469],[-74.7278996477799,39.2026774094347],[-74.7278307354909,39.2026696367065],[-74.7276967547739,39.2026415079911],[-74.7275668163128,39.2025865444279],[-74.7273936900517,39.2024789203641],[-74.7271065677865,39.2022697323177]]}},{"type":"Feature","id":215926,"properties":{"OBJECTID":215926,"PRIMENAME":"Ocean Crest Avenue","ELEVTYP_F":0,"ELEVTYP_T":0},"geometry":{"type":"LineString","coordinates":[[-74.6648689946957,39.2458745137504],[-74.6650796428475,39.245473531259],[-74.6653278364613,39.2450777946356],[-74.6654088973573,39.2449516781945]]}},{"type":"Feature","id":216343,"properties":{"OBJECTID":216343,"PRIMENAME":"Seaside Avenue","ELEVTYP_F":0,"ELEVTYP_T":0},"geometry":{"type":"LineString","coordinates":[[-74.6661257800955,39.2400543954516],[-74.6672291371654,39.2409886429634],[-74.6674219502523,39.2411477277416]]}},{"type":"Feature","id":216362,"properties":{"OBJECTID":216362,"PRIMENAME":"Unnamed Segment","ELEVTYP_F":0,"ELEVTYP_T":0},"geometry":{"type":"LineString","coordinates":[[-74.7161384551077,39.2009985748696],[-74.7160141062821,39.2010738502913],[-74.7159621501042,39.2011677494584],[-74.7158539626416,39.2012711349718],[-74.7157243372346,39.201301060211]]}},{"type":"Feature","id":217041,"properties":{"OBJECTID":217041,"PRIMENAME":"Devauls Lane","ELEVTYP_F":0,"ELEVTYP_T":0},"geometry":{"type":"LineString","coordinates":[[-74.7231651101004,39.1870853485165],[-74.723690749326,39.1874318971876],[-74.7242775234253,39.1878068552484],[-74.7245237263928,39.1879625039031],[-74.7246386675225,39.1880496264205],[-74.7246506262596,39.1880586900866],[-74.7247276987483,39.1881406399588],[-74.7247907503449,39.1882296721687],[-74.724856614793,39.1883378930049],[-74.7248691163849,39.188374524753],[-74.7248731995503,39.1884048020424],[-74.7248733824266,39.1884621875769],[-74.7248489881997,39.1885131957865]]}},{"type":"Feature","id":217111,"properties":{"OBJECTID":217111,"PRIMENAME":"Seaview Avenue","ELEVTYP_F":0,"ELEVTYP_T":0},"geometry":{"type":"LineString","coordinates":[[-74.6681726446464,39.2406082370185],[-74.6689310765724,39.2400461869839]]}},{"type":"Feature","id":217645,"properties":{"OBJECTID":217645,"PRIMENAME":"West Sumner Avenue","ELEVTYP_F":0,"ELEVTYP_T":0},"geometry":{"type":"LineString","coordinates":[[-74.6583894597234,39.1967169382303],[-74.657609516595,39.1962936677801]]}},{"type":"Feature","id":218089,"properties":{"OBJECTID":218089,"PRIMENAME":"Stephen Drive","ELEVTYP_F":0,"ELEVTYP_T":0},"geometry":{"type":"LineString","coordinates":[[-74.6812168479924,39.2357027586477],[-74.6811480618999,39.2355208515225],[-74.681108039251,39.2354169879194],[-74.6810645451443,39.2353496204441],[-74.6809920922743,39.235265465979],[-74.680793042474,39.2351169015377],[-74.6801090848747,39.2346459703815],[-74.6793853463414,39.2341330043298],[-74.6784036215523,39.2334327568552],[-74.6782888526216,39.2333508914288]]}},{"type":"Feature","id":218791,"properties":{"OBJECTID":218791,"PRIMENAME":"Unnamed Segment","ELEVTYP_F":0,"ELEVTYP_T":0},"geometry":{"type":"LineString","coordinates":[[-74.7073513947052,39.21572413601],[-74.7075263408535,39.2156766767994],[-74.7076497680374,39.215698155172],[-74.7079375492097,39.2158415423807],[-74.708193874859,39.2163099553148]]}},{"type":"Feature","id":218958,"properties":{"OBJECTID":218958,"PRIMENAME":"Bayview Drive","ELEVTYP_F":0,"ELEVTYP_T":0},"geometry":{"type":"LineString","coordinates":[[-74.6561215140428,39.1992951265992],[-74.6565539543176,39.1987939141257],[-74.6566857375243,39.19864307788]]}},{"type":"Feature","id":219987,"properties":{"OBJECTID":219987,"PRIMENAME":"FR GSP NB TO GSP NB","ELEVTYP_F":0,"ELEVTYP_T":0},"geometry":{"type":"LineString","coordinates":[[-74.7238947633782,39.17929952973],[-74.7238541626295,39.1793518769624],[-74.7237274486101,39.1795095063399],[-74.7234578039744,39.1798399811672],[-74.7231849343601,39.1801780943166],[-74.7228275807701,39.1806204609196],[-74.7224474697984,39.181085686221],[-74.7218627011719,39.1818101976716],[-74.7215963512789,39.1821508484573],[-74.7214988957458,39.1822703359598],[-74.7214436428237,39.1823364218041],[-74.7214061530524,39.1823735678482]]}},{"type":"Feature","id":221571,"properties":{"OBJECTID":221571,"PRIMENAME":"Somers Avenue","ELEVTYP_F":0,"ELEVTYP_T":0},"geometry":{"type":"LineString","coordinates":[[-74.7165466239027,39.2145680525026],[-74.7165286687102,39.2145713252653],[-74.7163124123154,39.2146179108203],[-74.7161131073979,39.2146678138175],[-74.7159689848462,39.2147109966807],[-74.7158630169301,39.2147540816471],[-74.7157444028269,39.2148170145246],[-74.7156131076599,39.214899794438],[-74.7154480488786,39.2150222299713],[-74.7153082966811,39.2151215275007],[-74.7151939465437,39.2151943628756],[-74.7151091607862,39.215227523206],[-74.7150201433853,39.2152507524178],[-74.7149098287516,39.2152576005072],[-74.7148292117827,39.2152577492014],[-74.7147358230681,39.2152480086396],[-74.7146339133231,39.215221783183],[-74.7145149358079,39.2151659066883],[-74.7141110524547,39.2149256837322],[-74.7139590341328,39.2148334594038]]}},{"type":"Feature","id":222565,"properties":{"OBJECTID":222565,"PRIMENAME":"Bayview Drive","ELEVTYP_F":0,"ELEVTYP_T":0},"geometry":{"type":"LineString","coordinates":[[-74.6605071362991,39.1953653558214],[-74.6610178153112,39.1951243706806],[-74.6613021736257,39.1949947346137]]}},{"type":"Feature","id":222985,"properties":{"OBJECTID":222985,"PRIMENAME":"Unnamed Segment","ELEVTYP_F":0,"ELEVTYP_T":0},"geometry":{"type":"LineString","coordinates":[[-74.7219723417406,39.201210943236],[-74.7223033808155,39.2006118319248]]}},{"type":"Feature","id":224431,"properties":{"OBJECTID":224431,"PRIMENAME":"Commonwealth Avenue","ELEVTYP_F":0,"ELEVTYP_T":0},"geometry":{"type":"LineString","coordinates":[[-74.6571047222139,39.196857145834],[-74.6565975633953,39.1974235624503]]}},{"type":"Feature","id":224924,"properties":{"OBJECTID":224924,"PRIMENAME":"East Whittier Avenue","ELEVTYP_F":0,"ELEVTYP_T":0},"geometry":{"type":"LineString","coordinates":[[-74.6553732262462,39.1987831109404],[-74.6550499947543,39.1985619597848],[-74.6541313297775,39.1979264403179]]}},{"type":"Feature","id":226004,"properties":{"OBJECTID":226004,"PRIMENAME":"Ocean Crest Avenue","ELEVTYP_F":0,"ELEVTYP_T":0},"geometry":{"type":"LineString","coordinates":[[-74.6654088973573,39.2449516781945],[-74.6655537437705,39.2447264872912],[-74.665739193192,39.2444244411341],[-74.6657766330275,39.2443686771119],[-74.6658276664366,39.2443128666991],[-74.6658752940301,39.2442650226223],[-74.6659775346543,39.244196343858]]}},{"type":"Feature","id":227959,"properties":{"OBJECTID":227959,"PRIMENAME":"Marshall Pond Avenue","ELEVTYP_F":0,"ELEVTYP_T":0},"geometry":{"type":"LineString","coordinates":[[-74.7066841970198,39.2095628286518],[-74.7070515719148,39.2096008364061],[-74.7072850378657,39.2096367472841],[-74.7074342949519,39.2096729175646],[-74.7076263944767,39.2097316086739],[-74.7077904861516,39.2098074832456],[-74.7079542705014,39.2099109524134]]}},{"type":"Feature","id":228136,"properties":{"OBJECTID":228136,"PRIMENAME":"Alexa Road","ELEVTYP_F":0,"ELEVTYP_T":0},"geometry":{"type":"LineString","coordinates":[[-74.7133458837852,39.2078745442995],[-74.7131246101499,39.2080766789292],[-74.7121967302403,39.2089215351961]]}},{"type":"Feature","id":228828,"properties":{"OBJECTID":228828,"PRIMENAME":"Oceancrest Avenue","ELEVTYP_F":0,"ELEVTYP_T":0},"geometry":{"type":"LineString","coordinates":[[-74.6641885210173,39.2467301639926],[-74.6642296938493,39.246699271551],[-74.6642953303917,39.2466352031786],[-74.6643773912511,39.2465423373868],[-74.6644675813446,39.2464078337605],[-74.6645249433195,39.2463086050658]]}},{"type":"Feature","id":230332,"properties":{"OBJECTID":230332,"PRIMENAME":"Ashcroft Avenue","ELEVTYP_F":0,"ELEVTYP_T":0},"geometry":{"type":"LineString","coordinates":[[-74.7080112702756,39.2076378164449],[-74.7081687214357,39.2074982980876],[-74.7082980120229,39.2074077045184],[-74.7084362112931,39.2073101485491],[-74.7086190902721,39.2072125124152],[-74.7087974854545,39.2071148831283],[-74.7089000618198,39.2070729916113],[-74.708984891921,39.2070449974489],[-74.7090652465322,39.2070309876684],[-74.7091635348348,39.207030811246],[-74.7092752400258,39.2070444762502],[-74.7093691597829,39.2070825559373],[-74.7095213148091,39.2071692127041],[-74.7100315832902,39.2075053889039],[-74.7107342924966,39.2079663377792],[-74.7121967302403,39.2089215351961]]}},{"type":"Feature","id":230669,"properties":{"OBJECTID":230669,"PRIMENAME":"Unnamed Segment","ELEVTYP_F":0,"ELEVTYP_T":0},"geometry":{"type":"LineString","coordinates":[[-74.7255355419748,39.2025662430373],[-74.7259632949349,39.202857760528]]}},{"type":"Feature","id":231298,"properties":{"OBJECTID":231298,"PRIMENAME":"State Highway 50","ELEVTYP_F":0,"ELEVTYP_T":0},"geometry":{"type":"LineString","coordinates":[[-74.7048437078076,39.2263108752865],[-74.7049782856955,39.2265685720969],[-74.7054064224913,39.2274141901879]]}},{"type":"Feature","id":232115,"properties":{"OBJECTID":232115,"PRIMENAME":"Ortlieb Lane","ELEVTYP_F":0,"ELEVTYP_T":0},"geometry":{"type":"LineString","coordinates":[[-74.6926192003189,39.2224356432798],[-74.6935379540189,39.223452349272],[-74.6938486484908,39.2238044670029],[-74.6939791953863,39.2239474401854],[-74.6940019204687,39.2239696420264]]}},{"type":"Feature","id":233364,"properties":{"OBJECTID":233364,"PRIMENAME":"State Highway 50","ELEVTYP_F":0,"ELEVTYP_T":0},"geometry":{"type":"LineString","coordinates":[[-74.7134275427111,39.2421050825415],[-74.714008615155,39.243086644364],[-74.7142865767692,39.2435505174976],[-74.7147176509256,39.244269680326],[-74.7149593402776,39.244658852731],[-74.7151445178052,39.2449265480872],[-74.7153297219298,39.2451911136158],[-74.7154665495947,39.2453747687505],[-74.7156073941153,39.2455552597871],[-74.7157603478518,39.2457575831591],[-74.7159051849623,39.2459380655251],[-74.7160781618399,39.2461403522461],[-74.7162913430289,39.2463830624846],[-74.7165850061709,39.2467191149133],[-74.7166373614804,39.2467771568521],[-74.7168520915898,39.2470152130893]]}},{"type":"Feature","id":233921,"properties":{"OBJECTID":233921,"PRIMENAME":"East Timber Drive","ELEVTYP_F":0,"ELEVTYP_T":0},"geometry":{"type":"LineString","coordinates":[[-74.6641885210173,39.2467301639926],[-74.6638546147815,39.2463831079428],[-74.6628526761324,39.2453610164327],[-74.6623620398876,39.2448627478607],[-74.6619786990728,39.2445082324052],[-74.6618838869388,39.2444156132819],[-74.6618343975966,39.2443613162505],[-74.6618054893087,39.2443197868542],[-74.6617848421632,39.244278217149],[-74.6617769338245,39.2442326219673],[-74.6617763721264,39.2441726835227],[-74.6617806508362,39.2441057902756],[-74.6617962109002,39.2438624165526]]}},{"type":"Feature","id":234463,"properties":{"OBJECTID":234463,"PRIMENAME":"Walden Pond Road","ELEVTYP_F":0,"ELEVTYP_T":0},"geometry":{"type":"LineString","coordinates":[[-74.7216938030016,39.1989424306863],[-74.7219518387314,39.1991244770643],[-74.7225540894781,39.1995341189819],[-74.7234883013242,39.2001310406455],[-74.7244296147918,39.2007491340594],[-74.7245632919335,39.2008369085827]]}},{"type":"Feature","id":235949,"properties":{"OBJECTID":235949,"PRIMENAME":"West Tecumseh Avenue","ELEVTYP_F":0,"ELEVTYP_T":0},"geometry":{"type":"LineString","coordinates":[[-74.6571047222139,39.196857145834],[-74.6578821315582,39.1972822895823]]}},{"type":"Feature","id":236387,"properties":{"OBJECTID":236387,"PRIMENAME":"Shady Oaks Drive","ELEVTYP_F":0,"ELEVTYP_T":0},"geometry":{"type":"LineString","coordinates":[[-74.7095925831645,39.2189519335927],[-74.7096815860288,39.2189839330692],[-74.7097855824047,39.2190209339124],[-74.7098745852808,39.2190439330446],[-74.7099845828054,39.2190579337067]]}},{"type":"Feature","id":237054,"properties":{"OBJECTID":237054,"PRIMENAME":"Arrowhead Trail","ELEVTYP_F":0,"ELEVTYP_T":0},"geometry":{"type":"LineString","coordinates":[[-74.7198399342643,39.1999142311913],[-74.719684886778,39.1997930237686],[-74.7192235040474,39.1995142111282],[-74.7184075685821,39.1990368587519]]}},{"type":"Feature","id":238363,"properties":{"OBJECTID":238363,"PRIMENAME":"Tyler Road","ELEVTYP_F":0,"ELEVTYP_T":0},"geometry":{"type":"LineString","coordinates":[[-74.7068297987088,39.2428231139002],[-74.7068299881592,39.2428410760485],[-74.7068136735526,39.2435141099192],[-74.7067977030549,39.2442921938823],[-74.7067813570208,39.2449424925804],[-74.7067680066672,39.2453627770026],[-74.7067574837637,39.2455189728427],[-74.7067539664305,39.2455378811249]]}},{"type":"Feature","id":238728,"properties":{"OBJECTID":238728,"PRIMENAME":"Mark Avenue","ELEVTYP_F":0,"ELEVTYP_T":0},"geometry":{"type":"LineString","coordinates":[[-74.6924183155383,39.2339443847418],[-74.6919964045624,39.2342781928211]]}},{"type":"Feature","id":238827,"properties":{"OBJECTID":238827,"PRIMENAME":"Ocean View Drive","ELEVTYP_F":0,"ELEVTYP_T":0},"geometry":{"type":"LineString","coordinates":[[-74.728668564792,39.1785893951803],[-74.7286627978173,39.1785845185589],[-74.7285535816249,39.1784878352599],[-74.7284849126595,39.1784274535382],[-74.7284349357689,39.178376673182],[-74.7284099232987,39.1783331190272],[-74.72838488084,39.1782799286778],[-74.7283753208423,39.1782145160591],[-74.7283780880419,39.1781103640301],[-74.7283840971366,39.1780376988892],[-74.7283776806576,39.1779844441021],[-74.7283650704053,39.1779360335398],[-74.7283400671111,39.1778948962928],[-74.7282932072639,39.1778368607311],[-74.728146500406,39.177699119185],[-74.7279281206249,39.1775203034926],[-74.7278820221677,39.1774903552575],[-74.7278475383554,39.1774740851178],[-74.7278034825161,39.177464862909],[-74.7277705303389,39.1774637742536],[-74.7277412611555,39.1774674014771],[-74.7277108661708,39.177471853357],[-74.7276852882154,39.1774820350469],[-74.7276576160584,39.1774996076825],[-74.7276387415601,39.177520869167],[-74.7275984499971,39.1775742431651],[-74.727493168281,39.1777342787803],[-74.7272268495698,39.1781368597669],[-74.7271587688501,39.1782483872429],[-74.7271504092998,39.1782708091438],[-74.7271495686254,39.178294424409],[-74.7271529033004,39.1783221771842],[-74.7271622003673,39.1783501111149],[-74.7271758519138,39.1783716658399],[-74.7271996925627,39.1783911963359],[-74.7276862840934,39.1787535376818],[-74.7278703398774,39.1788984837054],[-74.7279608075829,39.1789685431653],[-74.7280075427715,39.178987836824],[-74.7280604202989,39.1789974254432],[-74.7281133572957,39.1789924618116],[-74.7281599829347,39.1789778454409],[-74.7282469306289,39.1789195477949],[-74.728668564792,39.1785893951803]]}},{"type":"Feature","id":238953,"properties":{"OBJECTID":238953,"PRIMENAME":"Boyce Lane","ELEVTYP_F":0,"ELEVTYP_T":0},"geometry":{"type":"LineString","coordinates":[[-74.7300590876111,39.187142039133],[-74.7297127833648,39.1869007391575],[-74.7295072598176,39.1867616399336]]}},{"type":"Feature","id":240298,"properties":{"OBJECTID":240298,"PRIMENAME":"Butter Road","ELEVTYP_F":0,"ELEVTYP_T":0},"geometry":{"type":"LineString","coordinates":[[-74.6811967820259,39.243507850259],[-74.6812134106564,39.2435343483353],[-74.6816617640416,39.2442525079048],[-74.6821113572448,39.2449685503746]]}},{"type":"Feature","id":240678,"properties":{"OBJECTID":240678,"PRIMENAME":"Corsons Tavern Road","ELEVTYP_F":0,"ELEVTYP_T":0},"geometry":{"type":"LineString","coordinates":[[-74.7216938030016,39.1989424306863],[-74.7211971306044,39.1992039461481]]}},{"type":"Feature","id":241501,"properties":{"OBJECTID":241501,"PRIMENAME":"State Highway 50","ELEVTYP_F":0,"ELEVTYP_T":0},"geometry":{"type":"LineString","coordinates":[[-74.7069297422413,39.2173054339249],[-74.7068987700686,39.2173645482969],[-74.7067352192366,39.2176110482856],[-74.7065755551708,39.2178232753487],[-74.7063799610185,39.2180729620251],[-74.7062003359928,39.2183039224598],[-74.7060606532942,39.2184942844999],[-74.7059889437616,39.2186081123463]]}},{"type":"Feature","id":242879,"properties":{"OBJECTID":242879,"PRIMENAME":"Jason Drive","ELEVTYP_F":0,"ELEVTYP_T":0},"geometry":{"type":"LineString","coordinates":[[-74.6830062908698,39.2294780794152],[-74.684318030949,39.2284018390991],[-74.6844128670122,39.2283240267096]]}},{"type":"Feature","id":243352,"properties":{"OBJECTID":243352,"PRIMENAME":"Unnamed Segment","ELEVTYP_F":0,"ELEVTYP_T":0},"geometry":{"type":"LineString","coordinates":[[-74.7151915291775,39.2014849840166],[-74.7149939377658,39.2015940063861],[-74.7148534631473,39.2016528944402],[-74.714718186924,39.2017703989552],[-74.7145256615092,39.2018926993772]]}},{"type":"Feature","id":244154,"properties":{"OBJECTID":244154,"PRIMENAME":"Shady Oaks Drive","ELEVTYP_F":0,"ELEVTYP_T":0},"geometry":{"type":"LineString","coordinates":[[-74.7110975856108,39.2187649349959],[-74.7110135826185,39.218723933653],[-74.7109395847755,39.2186819340291],[-74.7108465840738,39.218625932915],[-74.7107955849778,39.2185949330482]]}},{"type":"Feature","id":244286,"properties":{"OBJECTID":244286,"PRIMENAME":"Shady Oaks Drive","ELEVTYP_F":0,"ELEVTYP_T":0},"geometry":{"type":"LineString","coordinates":[[-74.7109925838153,39.2205919333193],[-74.7111445856487,39.2206889340472],[-74.7111995858279,39.2207189346807],[-74.7112515844499,39.2207509342682],[-74.7113065851356,39.2207849354362],[-74.7113625855799,39.220815934099],[-74.7114185858678,39.220844933793],[-74.7114395856815,39.2208549345288]]}},{"type":"Feature","id":245490,"properties":{"OBJECTID":245490,"PRIMENAME":"Unnamed Segment","ELEVTYP_F":0,"ELEVTYP_T":0},"geometry":{"type":"LineString","coordinates":[[-74.6681362546438,39.2464382663381],[-74.6681930990988,39.2464315532787],[-74.6682907018902,39.246408453824],[-74.6683746274189,39.2463641848182],[-74.668458489474,39.2462934270379],[-74.6685261034414,39.2462363771647],[-74.6686421948408,39.2461872050619]]}},{"type":"Feature","id":246232,"properties":{"OBJECTID":246232,"PRIMENAME":"Cole Avenue","ELEVTYP_F":0,"ELEVTYP_T":0},"geometry":{"type":"LineString","coordinates":[[-74.7079542705014,39.2099109524134],[-74.7082270113358,39.2096449522712],[-74.7090479497962,39.2089106985587],[-74.7094139902252,39.2085593553811]]}},{"type":"Feature","id":247050,"properties":{"OBJECTID":247050,"PRIMENAME":"White Oak Drive","ELEVTYP_F":0,"ELEVTYP_T":0},"geometry":{"type":"LineString","coordinates":[[-74.6760525655669,39.2401288031622],[-74.6756449940964,39.2397882616129],[-74.6747487616998,39.2390366214215]]}},{"type":"Feature","id":247422,"properties":{"OBJECTID":247422,"PRIMENAME":"Unnamed Segment","ELEVTYP_F":0,"ELEVTYP_T":0},"geometry":{"type":"LineString","coordinates":[[-74.7155573186542,39.2038220942535],[-74.7154331326966,39.2038861848851]]}},{"type":"Feature","id":248841,"properties":{"OBJECTID":248841,"PRIMENAME":"Elizabeth Lane","ELEVTYP_F":0,"ELEVTYP_T":0},"geometry":{"type":"LineString","coordinates":[[-74.6878493075324,39.2262271098424],[-74.6876694985962,39.2261677899798],[-74.6875212525069,39.2261226422299],[-74.6873954313504,39.2260809174025],[-74.687301020563,39.2260357368019],[-74.6871796795051,39.2259660806226],[-74.686756859791,39.2256420489504],[-74.6862036024213,39.2252100139374],[-74.6847552762315,39.2240985683737],[-74.6842110717141,39.2236769707423],[-74.683342976884,39.2230044825205],[-74.6832924574391,39.2229621131092]]}},{"type":"Feature","id":250090,"properties":{"OBJECTID":250090,"PRIMENAME":"Ortlieb Road","ELEVTYP_F":0,"ELEVTYP_T":0},"geometry":{"type":"LineString","coordinates":[[-74.6940019204687,39.2239696420264],[-74.6941322485794,39.2240972940846],[-74.6943392379708,39.2242714955167],[-74.694514683758,39.2244248265811],[-74.694789138017,39.2246513022772]]}},{"type":"Feature","id":251048,"properties":{"OBJECTID":251048,"PRIMENAME":"Pacific Avenue","ELEVTYP_F":0,"ELEVTYP_T":0},"geometry":{"type":"LineString","coordinates":[[-74.6689840227463,39.2434387032016],[-74.6686983469313,39.2431969164637],[-74.6682469945071,39.242820774075],[-74.668151242856,39.2427359868735],[-74.6680589550037,39.2426671194163],[-74.6680325073298,39.2426496707182],[-74.6679666852322,39.2426062430967],[-74.6678675434634,39.2425506473476],[-74.6677377568603,39.2424818345737],[-74.6676010657609,39.242405096203],[-74.6674746334116,39.2423362774062],[-74.6673755189662,39.2422621205519],[-74.667225086053,39.2421376261107],[-74.6669241670368,39.2418806733994],[-74.6666811773293,39.2416766290792]]}},{"type":"Feature","id":251164,"properties":{"OBJECTID":251164,"PRIMENAME":"Commonwealth Avenue","ELEVTYP_F":0,"ELEVTYP_T":0},"geometry":{"type":"LineString","coordinates":[[-74.655945880977,39.1981447282625],[-74.6556170644799,39.1985102426594],[-74.6553732262462,39.1987831109404]]}},{"type":"Feature","id":252600,"properties":{"OBJECTID":252600,"PRIMENAME":"Garden State Parkway","ELEVTYP_F":0,"ELEVTYP_T":0},"geometry":{"type":"LineString","coordinates":[[-74.721670058182,39.1841738322913],[-74.7217093319776,39.1841321056327],[-74.7219199534022,39.1839064435219],[-74.7222195858912,39.1835726650602],[-74.7222317859026,39.183559074306],[-74.7223411025057,39.1834372970815],[-74.7225928308898,39.1831472220991],[-74.7227484520577,39.182957440207],[-74.7229498151123,39.1827175435721],[-74.7233112442424,39.1822556469186],[-74.723404229068,39.1821362277315],[-74.7236681275973,39.1817972999249],[-74.7239882803923,39.1813605226721],[-74.7242946808935,39.1809273391951],[-74.7244684218256,39.1806695357617],[-74.7247746793724,39.1802042265326],[-74.7249291579521,39.179964129442],[-74.7250718061552,39.1797424212393],[-74.7253597681982,39.1792842839703],[-74.7256750833818,39.1787867471536],[-74.7259690355945,39.178315678715]]}},{"type":"Feature","id":252673,"properties":{"OBJECTID":252673,"PRIMENAME":"Pacific Avenue","ELEVTYP_F":0,"ELEVTYP_T":0},"geometry":{"type":"LineString","coordinates":[[-74.6666811773293,39.2416766290792],[-74.6660283166798,39.2411283334004],[-74.6653992626602,39.2406091329601],[-74.6653817851531,39.2405942211571]]}},{"type":"Feature","id":254041,"properties":{"OBJECTID":254041,"PRIMENAME":"Peach Orchard Road","ELEVTYP_F":0,"ELEVTYP_T":0},"geometry":{"type":"LineString","coordinates":[[-74.7077664572411,39.2195462486601],[-74.7086310796345,39.2200190022156],[-74.7092048669618,39.2203183838288],[-74.7097224994213,39.2205948276792]]}},{"type":"Feature","id":254541,"properties":{"OBJECTID":254541,"PRIMENAME":"Bayview Drive","ELEVTYP_F":0,"ELEVTYP_T":0},"geometry":{"type":"LineString","coordinates":[[-74.6566857375243,39.19864307788],[-74.6573790355505,39.1978495003884]]}},{"type":"Feature","id":254832,"properties":{"OBJECTID":254832,"PRIMENAME":"Magnolia Court","ELEVTYP_F":0,"ELEVTYP_T":0},"geometry":{"type":"LineString","coordinates":[[-74.6894453550822,39.2339671601401],[-74.6896486623886,39.2341603245079],[-74.6897471797957,39.2342539267707],[-74.6898776624978,39.2343689525897],[-74.6900152528589,39.2344619729446],[-74.6902240666715,39.2346372215446],[-74.6905525296789,39.2349020596269],[-74.6908000391248,39.2351285613427],[-74.6913448910801,39.2353775842936],[-74.6917130507332,39.2356962242598],[-74.6918934749516,39.2358415333887],[-74.6921108627305,39.2359387446242],[-74.6922179499839,39.2359866316276]]}},{"type":"Feature","id":256409,"properties":{"OBJECTID":256409,"PRIMENAME":"Old Stagecoach Road","ELEVTYP_F":0,"ELEVTYP_T":0},"geometry":{"type":"LineString","coordinates":[[-74.6991109926285,39.224045837019],[-74.6989826938548,39.2241777971877]]}},{"type":"Feature","id":257526,"properties":{"OBJECTID":257526,"PRIMENAME":"Corson Lane","ELEVTYP_F":0,"ELEVTYP_T":0},"geometry":{"type":"LineString","coordinates":[[-74.7290837673822,39.1864750132194],[-74.7294604278344,39.1861140848253],[-74.7297953041456,39.1858266034342],[-74.7303228995039,39.1853818760267]]}},{"type":"Feature","id":257739,"properties":{"OBJECTID":257739,"PRIMENAME":"Commonwealth Avenue","ELEVTYP_F":0,"ELEVTYP_T":0},"geometry":{"type":"LineString","coordinates":[[-74.6708268327696,39.1815481172908],[-74.6706362842602,39.1817581427719],[-74.67046976665,39.1819488044317],[-74.6704269526873,39.18199561417]]}},{"type":"Feature","id":258507,"properties":{"OBJECTID":258507,"PRIMENAME":"Unnamed Segment","ELEVTYP_F":0,"ELEVTYP_T":0},"geometry":{"type":"LineString","coordinates":[[-74.7295586759995,39.1970589245309],[-74.7294174126122,39.1968740994979],[-74.729305574778,39.1967734794508],[-74.7291212734863,39.1966331363284],[-74.7287710171836,39.1964321441591],[-74.7279771152718,39.196039719789]]}},{"type":"Feature","id":258631,"properties":{"OBJECTID":258631,"PRIMENAME":"Lynnette Drive","ELEVTYP_F":0,"ELEVTYP_T":0},"geometry":{"type":"LineString","coordinates":[[-74.6614036622662,39.2467628731061],[-74.661395562819,39.2467223705556],[-74.661391314333,39.2466712509307],[-74.6613988739954,39.2466430544919],[-74.6614076294874,39.2466104108159],[-74.6614363416764,39.246565588229],[-74.66149791473,39.2465143773537],[-74.6617402969348,39.2463765082073],[-74.6618799910701,39.2462995159578],[-74.6619407105304,39.2462768613368],[-74.6619991926721,39.2462642044678],[-74.6620608752577,39.2462608792835]]}},{"type":"Feature","id":258828,"properties":{"OBJECTID":258828,"PRIMENAME":"Peach Orchard Road","ELEVTYP_F":0,"ELEVTYP_T":0},"geometry":{"type":"LineString","coordinates":[[-74.7123115767405,39.2219545483153],[-74.7130344731914,39.2223382080808],[-74.7131492552304,39.2224040055157],[-74.7132299902842,39.2224401837224],[-74.713276685688,39.2224499830438],[-74.7133148806577,39.2224499131074],[-74.7133699938097,39.2224300155354],[-74.7134928740239,39.2223604877552],[-74.7138655886563,39.2221221336368],[-74.7151151094409,39.2213408123347],[-74.7157038575825,39.220979923141],[-74.7160172707983,39.2207812921944],[-74.7162926196928,39.2206025286232],[-74.716639722483,39.2203410933218],[-74.717025060891,39.2200598170323],[-74.7176728796829,39.2195964734534],[-74.7178845887366,39.2194442382323],[-74.7180623746023,39.2192920661295],[-74.7181315632816,39.2192248256417],[-74.7182189114267,39.2191399344599],[-74.7183457972901,39.2190109491389],[-74.71850228048,39.2188422869468],[-74.7187855705467,39.2185083948718],[-74.7190816511264,39.2181909253988],[-74.7191704758098,39.2181049542214],[-74.7192721038197,39.2180387285008],[-74.7194288691846,39.2179394221464],[-74.7195965693663,39.2178448639638],[-74.7196109676565,39.2178367446613],[-74.719767630551,39.2177275262042],[-74.7199962045589,39.2175422515625],[-74.7202670382841,39.2173040691663],[-74.7206098011769,39.2169964193168],[-74.7209948740296,39.2166523901204],[-74.721849788406,39.2159410745634],[-74.7218751678663,39.2159080224938],[-74.7218877709063,39.2158749947546],[-74.7218877292512,39.2158617607298]]}},{"type":"Feature","id":259070,"properties":{"OBJECTID":259070,"PRIMENAME":"Berwyn Drive","ELEVTYP_F":0,"ELEVTYP_T":0},"geometry":{"type":"LineString","coordinates":[[-74.6824777347573,39.2426199420663],[-74.6828525054055,39.2422351443692],[-74.6831524235286,39.2419306241749],[-74.6832488000584,39.2418327670728]]}},{"type":"Feature","id":259276,"properties":{"OBJECTID":259276,"PRIMENAME":"Sea Isle Boulevard","ELEVTYP_F":0,"ELEVTYP_T":0},"geometry":{"type":"LineString","coordinates":[[-74.7291125462083,39.1707766807762],[-74.7290106007664,39.1706884396318],[-74.728882673826,39.1705942372401],[-74.7287143079658,39.1704734519895],[-74.7285366223762,39.1703720978222],[-74.7283745748982,39.1702852108178],[-74.7282779472434,39.1702430346486],[-74.7281914578361,39.17020528328]]}},{"type":"Feature","id":259828,"properties":{"OBJECTID":259828,"PRIMENAME":"Unnamed Segment","ELEVTYP_F":0,"ELEVTYP_T":0},"geometry":{"type":"LineString","coordinates":[[-74.7185092224254,39.2050887635243],[-74.7184930440518,39.2050787423785],[-74.7181673233454,39.2048347056109],[-74.7179204242729,39.2046497223224],[-74.7174812787432,39.2044033328523],[-74.7172651450988,39.2042389143845],[-74.7169770375101,39.2040422536527],[-74.7166320275436,39.2037927209531],[-74.7161771873166,39.2035021842734]]}},{"type":"Feature","id":260007,"properties":{"OBJECTID":260007,"PRIMENAME":"Evergreen Drive","ELEVTYP_F":0,"ELEVTYP_T":0},"geometry":{"type":"LineString","coordinates":[[-74.6874577747425,39.2268773269022],[-74.68761327425,39.2269674108269],[-74.687761752264,39.2270858693739],[-74.6881080497449,39.2273436568099],[-74.6887467948952,39.227838421087],[-74.690348263435,39.2290927014701],[-74.6920892117292,39.2304410184387],[-74.6925402236924,39.2307912880461]]}},{"type":"Feature","id":261130,"properties":{"OBJECTID":261130,"PRIMENAME":"South Drive","ELEVTYP_F":0,"ELEVTYP_T":0},"geometry":{"type":"LineString","coordinates":[[-74.6855644746916,39.2263270806218],[-74.6817552891498,39.2233327206364],[-74.6815611667522,39.2232843019702],[-74.6813923766295,39.2233550882075],[-74.6812207381151,39.2235239961331]]}},{"type":"Feature","id":261491,"properties":{"OBJECTID":261491,"PRIMENAME":"Commonwealth Avenue","ELEVTYP_F":0,"ELEVTYP_T":0},"geometry":{"type":"LineString","coordinates":[[-74.6565975633953,39.1974235624503],[-74.6564394791897,39.1976001617702],[-74.6560055474631,39.198078421759],[-74.655945880977,39.1981447282625]]}},{"type":"Feature","id":262795,"properties":{"OBJECTID":262795,"PRIMENAME":"Unnamed Segment","ELEVTYP_F":0,"ELEVTYP_T":0},"geometry":{"type":"LineString","coordinates":[[-74.7263072246668,39.2030775222115],[-74.7263954535593,39.203098457305],[-74.7265109026135,39.2031474814242],[-74.7268367241289,39.2033490114539]]}},{"type":"Feature","id":262963,"properties":{"OBJECTID":262963,"PRIMENAME":"Tyler Road","ELEVTYP_F":0,"ELEVTYP_T":0},"geometry":{"type":"LineString","coordinates":[[-74.7067539664305,39.2455378811249],[-74.7067395115418,39.245615571523],[-74.7067105648347,39.2457149903458],[-74.7066743283235,39.2458087667085],[-74.7066344290115,39.2458940367488],[-74.7065762736852,39.2459793130314],[-74.706467209462,39.2461527335029],[-74.7058709293243,39.2470567753374],[-74.7050746937761,39.24827637514],[-74.7047541053065,39.2487673307683]]}},{"type":"Feature","id":263057,"properties":{"OBJECTID":263057,"PRIMENAME":"Unnamed Segment","ELEVTYP_F":0,"ELEVTYP_T":0},"geometry":{"type":"LineString","coordinates":[[-74.7235990120982,39.1808104955169],[-74.7233376778081,39.1806817645533]]}},{"type":"Feature","id":263058,"properties":{"OBJECTID":263058,"PRIMENAME":"Unnamed Segment","ELEVTYP_F":0,"ELEVTYP_T":0},"geometry":{"type":"LineString","coordinates":[[-74.7277517006549,39.1978188691492],[-74.7275347383941,39.1976115356453],[-74.7271950470624,39.1974152087794],[-74.7269326272431,39.1972635405968],[-74.726638302876,39.1970934325644],[-74.7265610365357,39.1970734699284],[-74.7264977582817,39.1970771116158],[-74.726396166282,39.1971160034737],[-74.7262698273719,39.1971918783823],[-74.7262270558393,39.1972464852912],[-74.7262566157225,39.1973009517419],[-74.7263155426181,39.1973500858629],[-74.7269722539343,39.1977216804737],[-74.7273681791929,39.1980027351392]]}},{"type":"Feature","id":263656,"properties":{"OBJECTID":263656,"PRIMENAME":"State Highway 50","ELEVTYP_F":0,"ELEVTYP_T":0},"geometry":{"type":"LineString","coordinates":[[-74.7046241623825,39.2091407103952],[-74.7050052516311,39.209660166352],[-74.7051018171553,39.2098064815555],[-74.7052586493658,39.2100696319904],[-74.7053878572408,39.2102864272599]]}},{"type":"Feature","id":263672,"properties":{"OBJECTID":263672,"PRIMENAME":"North Drive","ELEVTYP_F":0,"ELEVTYP_T":0},"geometry":{"type":"LineString","coordinates":[[-74.6812207381151,39.2235239961331],[-74.6808660130568,39.2238046884443],[-74.6808871877319,39.2240258417431],[-74.6809844292368,39.2241440930816],[-74.6832555795572,39.2258957288665],[-74.6839458080238,39.2264180112158],[-74.6847015569399,39.2269985331701]]}},{"type":"Feature","id":264104,"properties":{"OBJECTID":264104,"PRIMENAME":"Lawson Road","ELEVTYP_F":0,"ELEVTYP_T":0},"geometry":{"type":"LineString","coordinates":[[-74.6673317513088,39.2474175549687],[-74.6674236741456,39.247516711052],[-74.6674732231726,39.2475933559922],[-74.6674920354862,39.2476337183918]]}},{"type":"Feature","id":264953,"properties":{"OBJECTID":264953,"PRIMENAME":"Unnamed Segment","ELEVTYP_F":0,"ELEVTYP_T":0},"geometry":{"type":"LineString","coordinates":[[-74.6672018264657,39.2461962802608],[-74.6673121249636,39.2462304902024],[-74.6679728109787,39.2464354024281],[-74.6680341461199,39.2464423773351],[-74.66810228116,39.2464422790145],[-74.6681362546438,39.2464382663381]]}},{"type":"Feature","id":266366,"properties":{"OBJECTID":266366,"PRIMENAME":"Crestview Drive","ELEVTYP_F":0,"ELEVTYP_T":0},"geometry":{"type":"LineString","coordinates":[[-74.6908711610493,39.2188560490002],[-74.690539889695,39.2186217204464],[-74.6899509052996,39.2182281752386],[-74.6896765855382,39.2180365849228],[-74.6895057363013,39.2179286263616],[-74.6893754096387,39.2178730174192],[-74.6892586212365,39.2178382540815],[-74.6891598388379,39.2178174639037],[-74.6890341159466,39.2178072066354],[-74.6889039742123,39.2178074177451],[-74.6887693616875,39.21782509946],[-74.6886302931119,39.2178532486819],[-74.6885092035583,39.2178988312502],[-74.6883837471791,39.2179618842597],[-74.6882583023991,39.2180423726942],[-74.6881642558625,39.2181298115378],[-74.6880837855481,39.2182521544939],[-74.6880257743343,39.2183779203339],[-74.6880037139433,39.2185106302849],[-74.687999521211,39.2186328770729],[-74.6880222972944,39.2187549983571],[-74.688076487365,39.2188771238711],[-74.6881440621515,39.2189747629825],[-74.6882430868734,39.2190723512362],[-74.6883914704528,39.2191873221916]]}},{"type":"Feature","id":267200,"properties":{"OBJECTID":267200,"PRIMENAME":"Shady Oaks Drive","ELEVTYP_F":0,"ELEVTYP_T":0},"geometry":{"type":"LineString","coordinates":[[-74.7099845828054,39.2190579337067],[-74.710014586081,39.219062934179],[-74.710210583313,39.219133933636],[-74.7103385853519,39.2192029340992],[-74.7104175833059,39.2192439350568]]}},{"type":"Feature","id":267244,"properties":{"OBJECTID":267244,"PRIMENAME":"East Williard Avenue","ELEVTYP_F":0,"ELEVTYP_T":0},"geometry":{"type":"LineString","coordinates":[[-74.6534207451828,39.1984634303777],[-74.6546672111625,39.1993117282761],[-74.6548480204058,39.1994523452095]]}},{"type":"Feature","id":267706,"properties":{"OBJECTID":267706,"PRIMENAME":"Canterbury Lane","ELEVTYP_F":0,"ELEVTYP_T":0},"geometry":{"type":"LineString","coordinates":[[-74.7009152611722,39.2274307819616],[-74.7008907518254,39.2274395838961],[-74.7007223112928,39.2275098074381],[-74.7005988555755,39.2275828917808],[-74.7003782456707,39.2277552370656],[-74.700221215443,39.2278779117459]]}},{"type":"Feature","id":267802,"properties":{"OBJECTID":267802,"PRIMENAME":"Unnamed Segment","ELEVTYP_F":0,"ELEVTYP_T":0},"geometry":{"type":"LineString","coordinates":[[-74.7282482596487,39.205241321388],[-74.7281839060446,39.2052970297017],[-74.7281183910516,39.2053112281008],[-74.7280663742268,39.205304296242],[-74.7279803453321,39.2052657702706],[-74.727731090633,39.2050850967817],[-74.7276511109585,39.2050362261939]]}},{"type":"Feature","id":268438,"properties":{"OBJECTID":268438,"PRIMENAME":"Unnamed Segment","ELEVTYP_F":0,"ELEVTYP_T":0},"geometry":{"type":"LineString","coordinates":[[-74.7117526731778,39.1990509006518],[-74.7118300049789,39.1991041236475],[-74.7122281245827,39.1993781235863],[-74.7125503774058,39.1996318503998],[-74.7129589032179,39.2000646898752],[-74.7130122971419,39.2000858294108]]}},{"type":"Feature","id":269257,"properties":{"OBJECTID":269257,"PRIMENAME":"Erica Lane","ELEVTYP_F":0,"ELEVTYP_T":0},"geometry":{"type":"LineString","coordinates":[[-74.6932101117378,39.2146157934656],[-74.6945286359176,39.2155519553828],[-74.6947195303383,39.2156885168417],[-74.6949257312488,39.2158360244953]]}},{"type":"Feature","id":271722,"properties":{"OBJECTID":271722,"PRIMENAME":"Unnamed Segment","ELEVTYP_F":0,"ELEVTYP_T":0},"geometry":{"type":"LineString","coordinates":[[-74.7255897611392,39.203795958383],[-74.7255899677576,39.2037957607005],[-74.7260616751436,39.2033435851022],[-74.7262014005192,39.2032096402495],[-74.7263072246668,39.2030775222115]]}},{"type":"Feature","id":272286,"properties":{"OBJECTID":272286,"PRIMENAME":"Bayview Drive","ELEVTYP_F":0,"ELEVTYP_T":0},"geometry":{"type":"LineString","coordinates":[[-74.6573790355505,39.1978495003884],[-74.657597964953,39.1975989851422],[-74.6578821315582,39.1972822895823]]}},{"type":"Feature","id":272669,"properties":{"OBJECTID":272669,"PRIMENAME":"Clayton Drive","ELEVTYP_F":0,"ELEVTYP_T":0},"geometry":{"type":"LineString","coordinates":[[-74.7155510557716,39.2021650239265],[-74.7156810216082,39.2022897973872],[-74.7159132147779,39.2024466707457],[-74.7163695265129,39.2027427846411],[-74.7168091072488,39.2030280386006]]}},{"type":"Feature","id":273215,"properties":{"OBJECTID":273215,"PRIMENAME":"Unnamed Segment","ELEVTYP_F":0,"ELEVTYP_T":0},"geometry":{"type":"LineString","coordinates":[[-74.6886730027023,39.2380295543704],[-74.6888494734209,39.2379784058506],[-74.6890593959978,39.2379295016826],[-74.6892012556678,39.2379049904265],[-74.689331835463,39.2379069852706]]}},{"type":"Feature","id":273381,"properties":{"OBJECTID":273381,"PRIMENAME":"South Pebble Drive","ELEVTYP_F":0,"ELEVTYP_T":0},"geometry":{"type":"LineString","coordinates":[[-74.7118945847737,39.2178579353983],[-74.7117975847299,39.2177989335358],[-74.7117505847976,39.2177699338619],[-74.7116615838556,39.2177179348147],[-74.7115825846197,39.2176719323792],[-74.711495585198,39.2176269335264],[-74.7114725852844,39.2176119341129]]}},{"type":"Feature","id":274036,"properties":{"OBJECTID":274036,"PRIMENAME":"South Pebble Drive","ELEVTYP_F":0,"ELEVTYP_T":0},"geometry":{"type":"LineString","coordinates":[[-74.7095536028708,39.2164792408946],[-74.7091693854198,39.2162757617102]]}},{"type":"Feature","id":274076,"properties":{"OBJECTID":274076,"PRIMENAME":"Unnamed Segment","ELEVTYP_F":0,"ELEVTYP_T":0},"geometry":{"type":"LineString","coordinates":[[-74.717485706885,39.2059586045636],[-74.7177646988143,39.2057215050246]]}},{"type":"Feature","id":274592,"properties":{"OBJECTID":274592,"PRIMENAME":"Old Stagecoach Road","ELEVTYP_F":0,"ELEVTYP_T":0},"geometry":{"type":"LineString","coordinates":[[-74.7012073673223,39.2218965527062],[-74.7003910352591,39.2227310438164],[-74.6999651458798,39.2231682926141]]}},{"type":"Feature","id":274831,"properties":{"OBJECTID":274831,"PRIMENAME":"Unnamed Segment","ELEVTYP_F":0,"ELEVTYP_T":0},"geometry":{"type":"LineString","coordinates":[[-74.7210964901759,39.2006438253687],[-74.7217463111586,39.2001992750958]]}},{"type":"Feature","id":276001,"properties":{"OBJECTID":276001,"PRIMENAME":"Old Stagecoach Road","ELEVTYP_F":0,"ELEVTYP_T":0},"geometry":{"type":"LineString","coordinates":[[-74.6789041602497,39.2447659713628],[-74.6785648556772,39.2451141562095],[-74.6781255244385,39.2455654566505]]}},{"type":"Feature","id":276121,"properties":{"OBJECTID":276121,"PRIMENAME":"Marisa Court","ELEVTYP_F":0,"ELEVTYP_T":0},"geometry":{"type":"LineString","coordinates":[[-74.7159776401394,39.2075813648769],[-74.7158134266532,39.2075550171731],[-74.715570941137,39.2075161105624],[-74.7154725885196,39.2074954526604],[-74.7153742357889,39.2074747388239],[-74.7152847946059,39.2074367115595],[-74.7151639641779,39.2073708992836],[-74.7146581120556,39.2070208168805],[-74.7145750434157,39.2069663551549],[-74.7144381919983,39.2068766311097]]}},{"type":"Feature","id":276227,"properties":{"OBJECTID":276227,"PRIMENAME":"Shady Oaks Drive","ELEVTYP_F":0,"ELEVTYP_T":0},"geometry":{"type":"LineString","coordinates":[[-74.7107595836839,39.2194449343383],[-74.7108065856791,39.2194759342425],[-74.7108545834719,39.2195169342438],[-74.7109435839653,39.2195589337738],[-74.7109815847378,39.2196059342382]]}},{"type":"Feature","id":276296,"properties":{"OBJECTID":276296,"PRIMENAME":"Pin Oak Drive","ELEVTYP_F":0,"ELEVTYP_T":0},"geometry":{"type":"LineString","coordinates":[[-74.6774273856301,39.2435492927839],[-74.6782945412683,39.2429079400233]]}},{"type":"Feature","id":276825,"properties":{"OBJECTID":276825,"PRIMENAME":"Unnamed Segment","ELEVTYP_F":0,"ELEVTYP_T":0},"geometry":{"type":"LineString","coordinates":[[-74.7295586759995,39.1970589245309],[-74.7295665443592,39.1970548192435],[-74.7301174985917,39.1967674438567]]}},{"type":"Feature","id":277433,"properties":{"OBJECTID":277433,"PRIMENAME":"Unnamed Segment","ELEVTYP_F":0,"ELEVTYP_T":0},"geometry":{"type":"LineString","coordinates":[[-74.7220921583018,39.2004542205292],[-74.7222732873256,39.2005877425108],[-74.7223033808155,39.2006118319248]]}},{"type":"Feature","id":277783,"properties":{"OBJECTID":277783,"PRIMENAME":"Dolores Avenue","ELEVTYP_F":0,"ELEVTYP_T":0},"geometry":{"type":"LineString","coordinates":[[-74.6654088973573,39.2449516781945],[-74.664780229484,39.2443992778528],[-74.6634568416697,39.2432256156263],[-74.6630157382123,39.2428414743506],[-74.6628806082644,39.2427355684807]]}},{"type":"Feature","id":278087,"properties":{"OBJECTID":278087,"PRIMENAME":"Unnamed Segment","ELEVTYP_F":0,"ELEVTYP_T":0},"geometry":{"type":"LineString","coordinates":[[-74.6869811001771,39.2380360121218],[-74.6870020595777,39.238160188196],[-74.6870109628205,39.2383058620548],[-74.6870158213676,39.2383853622015],[-74.687053820735,39.2384117494819],[-74.6872417292216,39.2386233609477],[-74.6872969021098,39.2386854906003]]}},{"type":"Feature","id":278327,"properties":{"OBJECTID":278327,"PRIMENAME":"Willow Oak Drive","ELEVTYP_F":0,"ELEVTYP_T":0},"geometry":{"type":"LineString","coordinates":[[-74.7107955849778,39.2185949330482],[-74.7107685841907,39.2186819327586],[-74.7107395835053,39.2187399338445],[-74.7107035838698,39.2187969341479],[-74.7106455844511,39.2188869338049],[-74.7106245827394,39.2189299341817],[-74.7105665842951,39.219057933523],[-74.7105005852196,39.2191559334247],[-74.7104615839315,39.2192119346478],[-74.7104175833059,39.2192439350568]]}},{"type":"Feature","id":278576,"properties":{"OBJECTID":278576,"PRIMENAME":"Osprey Drive","ELEVTYP_F":0,"ELEVTYP_T":0},"geometry":{"type":"LineString","coordinates":[[-74.6871791677608,39.2220019760625],[-74.6863430135922,39.2213581627382]]}},{"type":"Feature","id":279198,"properties":{"OBJECTID":279198,"PRIMENAME":"Unnamed Segment","ELEVTYP_F":0,"ELEVTYP_T":0},"geometry":{"type":"LineString","coordinates":[[-74.7226881912707,39.2008484656525],[-74.7230069641314,39.2009908730725]]}},{"type":"Feature","id":279465,"properties":{"OBJECTID":279465,"PRIMENAME":"Unnamed Segment","ELEVTYP_F":0,"ELEVTYP_T":0},"geometry":{"type":"LineString","coordinates":[[-74.7295586759995,39.1970589245309],[-74.729601841829,39.1970900074129],[-74.7296588783896,39.1971310793061],[-74.7297760280307,39.1972154374948],[-74.7299994785364,39.19734632371],[-74.7303398595136,39.1974824653562]]}},{"type":"Feature","id":279494,"properties":{"OBJECTID":279494,"PRIMENAME":"Garden State Parkway","ELEVTYP_F":0,"ELEVTYP_T":0},"geometry":{"type":"LineString","coordinates":[[-74.6682713254204,39.2362780134349],[-74.6687283486676,39.2359252248699],[-74.6697286826996,39.2351586458332],[-74.6698539575391,39.2350597819829],[-74.6701416491421,39.2348327019861],[-74.6706279297114,39.2344279565208],[-74.6711096677957,39.2340161585841],[-74.6714445080734,39.2337117690279],[-74.671742653386,39.2334324738376],[-74.6719725634006,39.2332089750654]]}},{"type":"Feature","id":280883,"properties":{"OBJECTID":280883,"PRIMENAME":"Victoria Lane","ELEVTYP_F":0,"ELEVTYP_T":0},"geometry":{"type":"LineString","coordinates":[[-74.6761619321869,39.2459652005135],[-74.6742919274852,39.2443952074225]]}},{"type":"Feature","id":281203,"properties":{"OBJECTID":281203,"PRIMENAME":"Unnamed Segment","ELEVTYP_F":0,"ELEVTYP_T":0},"geometry":{"type":"LineString","coordinates":[[-74.7192826678116,39.2070665306842],[-74.7193467792509,39.2070016599834],[-74.7193922599324,39.2069556400136],[-74.7194221026319,39.2068926165458],[-74.7194445976913,39.206827825064],[-74.7194520349663,39.2067866042897]]}},{"type":"Feature","id":281565,"properties":{"OBJECTID":281565,"PRIMENAME":"Unnamed Segment","ELEVTYP_F":0,"ELEVTYP_T":0},"geometry":{"type":"LineString","coordinates":[[-74.7173590591099,39.2006492265779],[-74.7172019134412,39.2007488878473],[-74.7170380672498,39.2008124208626],[-74.7168893483675,39.2008033156361],[-74.716764789284,39.2008098028342],[-74.7165599826017,39.2008570846789],[-74.7162789356964,39.2009420310201],[-74.7161384551077,39.2009985748696]]}},{"type":"Feature","id":281736,"properties":{"OBJECTID":281736,"PRIMENAME":"Center Drive","ELEVTYP_F":0,"ELEVTYP_T":0},"geometry":{"type":"LineString","coordinates":[[-74.6851550850029,39.2266541827666],[-74.6834506551247,39.2253216257587],[-74.6812207381151,39.2235239961331]]}},{"type":"Feature","id":282351,"properties":{"OBJECTID":282351,"PRIMENAME":"Unnamed Segment","ELEVTYP_F":0,"ELEVTYP_T":0},"geometry":{"type":"LineString","coordinates":[[-74.687191484146,39.2380804038966],[-74.6873000194416,39.238126597719],[-74.6876439767885,39.2383114668682]]}},{"type":"Feature","id":282981,"properties":{"OBJECTID":282981,"PRIMENAME":"Corsons Tavern Road","ELEVTYP_F":0,"ELEVTYP_T":0},"geometry":{"type":"LineString","coordinates":[[-74.7109803965403,39.2045601011223],[-74.7094250048052,39.205375811541]]}},{"type":"Feature","id":283905,"properties":{"OBJECTID":283905,"PRIMENAME":"Unnamed Segment","ELEVTYP_F":0,"ELEVTYP_T":0},"geometry":{"type":"LineString","coordinates":[[-74.7298676033118,39.1976495477734],[-74.7296757014384,39.1978252491328],[-74.729523960215,39.1979294196596],[-74.7294727178089,39.1979645981479],[-74.7293284183089,39.1980774468031],[-74.7292405778112,39.1981743565617],[-74.7291621262123,39.1982609053183],[-74.7290444028399,39.1983224853624],[-74.7289824938755,39.1983548676963],[-74.7289060081034,39.1983605869455],[-74.7288334339029,39.1983379879724],[-74.7287724036071,39.1983189840341],[-74.7287459886788,39.1983107590416],[-74.7286824847403,39.1982458075022],[-74.7286767202611,39.1982214855058],[-74.728668734978,39.1981877928948],[-74.7286705239322,39.1981153740911],[-74.7286707337394,39.1981068824238],[-74.7287338474091,39.1980522346928],[-74.7288076692407,39.1979945030649],[-74.7288564745412,39.197956334385],[-74.7289750988167,39.1978635641023],[-74.7292256261977,39.1977469882761],[-74.7292387696651,39.1977408727822],[-74.72937966817,39.1976753093696],[-74.7294670354508,39.1976075658145],[-74.729509715441,39.1975248158649],[-74.7295542832483,39.1974665135021]]}},{"type":"Feature","id":284263,"properties":{"OBJECTID":284263,"PRIMENAME":"State Highway 50","ELEVTYP_F":0,"ELEVTYP_T":0},"geometry":{"type":"LineString","coordinates":[[-74.7062116977181,39.2117144043842],[-74.7063057396964,39.2118769785051],[-74.7063943264913,39.2120326690474],[-74.7064628642037,39.2121759302464],[-74.7065273338414,39.2123036304442],[-74.7065837916195,39.2124312898603],[-74.7066483347046,39.2125838933392],[-74.7067129584548,39.2127520648029],[-74.7067234703993,39.2127808502333],[-74.7067937272686,39.2129732277983],[-74.7068786656292,39.2132442191142],[-74.7069434571298,39.2134809785241],[-74.7070083588794,39.2137551357005],[-74.7070219665604,39.2138218324843]]}},{"type":"Feature","id":284613,"properties":{"OBJECTID":284613,"PRIMENAME":"Osprey Drive","ELEVTYP_F":0,"ELEVTYP_T":0},"geometry":{"type":"LineString","coordinates":[[-74.6863430135922,39.2213581627382],[-74.6861811418056,39.2209732823781],[-74.6859127727768,39.2202327608778],[-74.6858897569343,39.2201941754027],[-74.6858588706311,39.2201590742808],[-74.6858209571976,39.2201284236526],[-74.685796912136,39.2201145324642],[-74.6857770553404,39.2201030623296],[-74.6857283736283,39.2200836883235],[-74.6856762475774,39.2200708336922],[-74.6856221083461,39.220064850177],[-74.6855674421896,39.2200659038629],[-74.6855137487348,39.2200739617327],[-74.6854625039648,39.2200888070403],[-74.6847724874313,39.2205278260644],[-74.6847448517234,39.220547725099],[-74.6847219173674,39.2205709596535],[-74.6847043381077,39.2205968647824],[-74.6846926169476,39.2206247028111],[-74.6846870864921,39.2206536750784],[-74.6846879067319,39.2206829606749],[-74.6846950557896,39.2207117209622],[-74.684819285718,39.2211220791659],[-74.6849102608732,39.2213096137785],[-74.6849762319554,39.2215480209715],[-74.6849596714596,39.2219410065272],[-74.6849583996958,39.2219771390438]]}},{"type":"Feature","id":284789,"properties":{"OBJECTID":284789,"PRIMENAME":"Somers Avenue","ELEVTYP_F":0,"ELEVTYP_T":0},"geometry":{"type":"LineString","coordinates":[[-74.7065193765843,39.2116356329484],[-74.7064719854214,39.2116385455616],[-74.7063575323978,39.211665162536],[-74.7062116977181,39.2117144043842]]}},{"type":"Feature","id":286102,"properties":{"OBJECTID":286102,"PRIMENAME":"Unnamed Segment","ELEVTYP_F":0,"ELEVTYP_T":0},"geometry":{"type":"LineString","coordinates":[[-74.7159218745223,39.2036339504949],[-74.7155573186542,39.2038220942535]]}},{"type":"Feature","id":286269,"properties":{"OBJECTID":286269,"PRIMENAME":"Unnamed Segment","ELEVTYP_F":0,"ELEVTYP_T":0},"geometry":{"type":"LineString","coordinates":[[-74.7145557516675,39.1998946060039],[-74.7142393356211,39.2002422649144]]}},{"type":"Feature","id":286274,"properties":{"OBJECTID":286274,"PRIMENAME":"East Tecumseh Avenue","ELEVTYP_F":0,"ELEVTYP_T":0},"geometry":{"type":"LineString","coordinates":[[-74.655588702483,39.1960349887786],[-74.6569033409767,39.1967470100478],[-74.6571047222139,39.196857145834]]}},{"type":"Feature","id":288083,"properties":{"OBJECTID":288083,"PRIMENAME":"Unnamed Segment","ELEVTYP_F":0,"ELEVTYP_T":0},"geometry":{"type":"LineString","coordinates":[[-74.7300780476345,39.1992582188627],[-74.7298489855655,39.1991800615781],[-74.7294019734316,39.1990275361006],[-74.729354213583,39.1990309487985],[-74.7292186224725,39.1991651281014]]}},{"type":"Feature","id":288393,"properties":{"OBJECTID":288393,"PRIMENAME":"Ocean View Drive","ELEVTYP_F":0,"ELEVTYP_T":0},"geometry":{"type":"LineString","coordinates":[[-74.729652068714,39.1793668709036],[-74.7295146448805,39.1792972899184],[-74.7294397760175,39.1792514181394],[-74.7293055649207,39.1791281785709],[-74.728668564792,39.1785893951803]]}},{"type":"Feature","id":288619,"properties":{"OBJECTID":288619,"PRIMENAME":"Aubrey Court","ELEVTYP_F":0,"ELEVTYP_T":0},"geometry":{"type":"LineString","coordinates":[[-74.6859651360114,39.2229343149311],[-74.6871791677608,39.2220019760625]]}},{"type":"Feature","id":288735,"properties":{"OBJECTID":288735,"PRIMENAME":"Cambridge Drive","ELEVTYP_F":0,"ELEVTYP_T":0},"geometry":{"type":"LineString","coordinates":[[-74.7009152611722,39.2274307819616],[-74.7013316870215,39.2283073795192],[-74.7013640249026,39.2283447206382],[-74.7013926335881,39.2283740508172],[-74.701425392574,39.228397827408],[-74.7014591303604,39.2284183890397],[-74.701506102198,39.2284373630286],[-74.7015644664969,39.2284527211761],[-74.7016266210686,39.2284601643558],[-74.7016786948179,39.2284608696398],[-74.7017276833596,39.228456831073],[-74.7017817732429,39.2284464958624],[-74.7020551517514,39.2283702397363],[-74.7039199037896,39.2278394529906],[-74.7054064224913,39.2274141901879]]}},{"type":"Feature","id":289490,"properties":{"OBJECTID":289490,"PRIMENAME":"Commonwealth Drive","ELEVTYP_F":0,"ELEVTYP_T":0},"geometry":{"type":"LineString","coordinates":[[-74.6534773464539,39.2009059724651],[-74.6532293818897,39.201193916145]]}},{"type":"Feature","id":289792,"properties":{"OBJECTID":289792,"PRIMENAME":"Unnamed Segment","ELEVTYP_F":0,"ELEVTYP_T":0},"geometry":{"type":"LineString","coordinates":[[-74.7304920255249,39.1980414954931],[-74.7304502004608,39.1982651875878],[-74.7303875513911,39.1983344801741],[-74.7303848843422,39.1983374302721],[-74.7303669371424,39.1983459426011],[-74.7302429434353,39.1984047499749],[-74.7302359268374,39.1984080780066],[-74.7300509105286,39.1985122149682],[-74.729924418885,39.1985834115902],[-74.7298298189563,39.198644563935],[-74.7296967574536,39.1987380445695],[-74.7296358064837,39.198762788996],[-74.7295905763503,39.198755842627],[-74.7295610808104,39.198722482535],[-74.7295324614571,39.1986901125266],[-74.7295141654921,39.1986694194952],[-74.72948613206,39.1986135816136],[-74.72948813562,39.1985344313543],[-74.7295150094596,39.1984569896294],[-74.7295540997293,39.1983767195342],[-74.7295621627276,39.1983601607443],[-74.7296207836275,39.1983143144221],[-74.7297877805616,39.1982295608783],[-74.7298828165484,39.1981666663927],[-74.7299637110838,39.198113130574],[-74.730219962184,39.1979435461907],[-74.7302210319261,39.1979428369227]]}},{"type":"Feature","id":290061,"properties":{"OBJECTID":290061,"PRIMENAME":"West Winthrop Road","ELEVTYP_F":0,"ELEVTYP_T":0},"geometry":{"type":"LineString","coordinates":[[-74.65454904541,39.2009614749354],[-74.6537686286767,39.2005746707026]]}},{"type":"Feature","id":290114,"properties":{"OBJECTID":290114,"PRIMENAME":"Unnamed Segment","ELEVTYP_F":0,"ELEVTYP_T":0},"geometry":{"type":"LineString","coordinates":[[-74.7139720629155,39.199993080237],[-74.7136245382529,39.2002464737611],[-74.7134667827128,39.200405058226],[-74.7134190210189,39.2004952857995],[-74.7128723532791,39.2009534884718]]}},{"type":"Feature","id":290965,"properties":{"OBJECTID":290965,"PRIMENAME":"Unnamed Segment","ELEVTYP_F":0,"ELEVTYP_T":0},"geometry":{"type":"LineString","coordinates":[[-74.7251307483824,39.2022939889451],[-74.7248701186816,39.2025632079944],[-74.7247278227401,39.2027101912744],[-74.7246045331084,39.2029277990542],[-74.7244302997114,39.2032049724099]]}},{"type":"Feature","id":291064,"properties":{"OBJECTID":291064,"PRIMENAME":"South Pebble Drive","ELEVTYP_F":0,"ELEVTYP_T":0},"geometry":{"type":"LineString","coordinates":[[-74.7107325857642,39.2171259338441],[-74.7103504451419,39.2169400669679]]}},{"type":"Feature","id":291305,"properties":{"OBJECTID":291305,"PRIMENAME":"Unnamed Segment","ELEVTYP_F":0,"ELEVTYP_T":0},"geometry":{"type":"LineString","coordinates":[[-74.723295101618,39.2024777728508],[-74.7231310937484,39.202357250265],[-74.7229905333156,39.2022291254831],[-74.7229410773559,39.2021762043176]]}},{"type":"Feature","id":292532,"properties":{"OBJECTID":292532,"PRIMENAME":"Unnamed Segment","ELEVTYP_F":0,"ELEVTYP_T":0},"geometry":{"type":"LineString","coordinates":[[-74.7277517006549,39.1978188691492],[-74.7278110857674,39.1977903975142],[-74.727869817605,39.1977779700693],[-74.7279150185289,39.1977761223285],[-74.7279761170503,39.1977971093193],[-74.7280277471056,39.1978770004894]]}},{"type":"Feature","id":293494,"properties":{"OBJECTID":293494,"PRIMENAME":"2nd Street","ELEVTYP_F":0,"ELEVTYP_T":0},"geometry":{"type":"LineString","coordinates":[[-74.6857025361434,39.22709132069],[-74.6852820890449,39.2274493960673]]}},{"type":"Feature","id":293642,"properties":{"OBJECTID":293642,"PRIMENAME":"Unnamed Segment","ELEVTYP_F":0,"ELEVTYP_T":0},"geometry":{"type":"LineString","coordinates":[[-74.6876439767885,39.2383114668682],[-74.6877606872024,39.2384348948583],[-74.6879170376981,39.238520731205],[-74.6880761334925,39.2385712450612],[-74.6881897098309,39.2385843064795],[-74.6883060852808,39.2385819113662],[-74.6884621510137,39.2385786988312],[-74.6885019178491,39.2385705567593],[-74.6885302085539,39.2385351922238],[-74.6885471565015,39.2385042609989],[-74.6885751930418,39.2383739775597],[-74.6886034434187,39.2383231620752],[-74.6886462610103,39.2382461395353],[-74.6886768067659,39.2381596943828],[-74.6886879720379,39.2380890387967],[-74.6886730027023,39.2380295543704]]}},{"type":"Feature","id":293671,"properties":{"OBJECTID":293671,"PRIMENAME":"Unnamed Segment","ELEVTYP_F":0,"ELEVTYP_T":0},"geometry":{"type":"LineString","coordinates":[[-74.6881757960307,39.2375482951712],[-74.6881130365783,39.2375094168289],[-74.6880390821686,39.2374521436067],[-74.6879793956835,39.2374235440804],[-74.6879339616798,39.2374169954116],[-74.6878885571237,39.2374214836194],[-74.6878460200085,39.2374370041269],[-74.6877582218124,39.2375099893241],[-74.6876479298982,39.2376646869439],[-74.6875492521121,39.2378030950051],[-74.6874385428025,39.2379144632798],[-74.6873082647117,39.238025042264],[-74.687191484146,39.2380804038966]]}},{"type":"Feature","id":295243,"properties":{"OBJECTID":295243,"PRIMENAME":"Unnamed Segment","ELEVTYP_F":0,"ELEVTYP_T":0},"geometry":{"type":"LineString","coordinates":[[-74.7024836638254,39.2100786049598],[-74.7007555406933,39.2090743377134]]}},{"type":"Feature","id":295244,"properties":{"OBJECTID":295244,"PRIMENAME":"Unnamed Segment","ELEVTYP_F":0,"ELEVTYP_T":0},"geometry":{"type":"LineString","coordinates":[[-74.7292816380416,39.1972034223443],[-74.7294963740006,39.1974106326761],[-74.7295542832483,39.1974665135021]]}},{"type":"Feature","id":295269,"properties":{"OBJECTID":295269,"PRIMENAME":"Sea Sounds Avenue","ELEVTYP_F":0,"ELEVTYP_T":0},"geometry":{"type":"LineString","coordinates":[[-74.6689310765724,39.2400461869839],[-74.6685432790525,39.2397209960242],[-74.6678902206562,39.2391620576924],[-74.667825268806,39.2391090763311],[-74.6677808352293,39.2390879159439],[-74.6677364501436,39.2390720271136],[-74.6676852155818,39.239056203078],[-74.6676519846498,39.23905338358],[-74.6676238030683,39.2390509919057],[-74.6675453310617,39.2390590681281],[-74.6674533420061,39.2390989854704],[-74.6671194887701,39.2393462512138],[-74.66687703866,39.2395156256293]]}},{"type":"Feature","id":295380,"properties":{"OBJECTID":295380,"PRIMENAME":"Evio John Court","ELEVTYP_F":0,"ELEVTYP_T":0},"geometry":{"type":"LineString","coordinates":[[-74.6659775346543,39.244196343858],[-74.6656971508116,39.2439495183318],[-74.6648105270156,39.2431525723822],[-74.664715638609,39.2430672802771]]}},{"type":"Feature","id":295634,"properties":{"OBJECTID":295634,"PRIMENAME":"Unnamed Segment","ELEVTYP_F":0,"ELEVTYP_T":0},"geometry":{"type":"LineString","coordinates":[[-74.7295542832483,39.1974665135021],[-74.7298105018998,39.1976210742702],[-74.7298676033118,39.1976495477734]]}},{"type":"Feature","id":296426,"properties":{"OBJECTID":296426,"PRIMENAME":"FR GSP SB TO GSP SB","ELEVTYP_F":0,"ELEVTYP_T":0},"geometry":{"type":"LineString","coordinates":[[-74.7245901807526,39.180043590241],[-74.7246096090234,39.1800154449008],[-74.7246616082851,39.1799595504631],[-74.7247234303323,39.1799086619228],[-74.7248144611458,39.1798348456676],[-74.7248795053168,39.1797763450664],[-74.7249608180905,39.1796974676342],[-74.7250323148144,39.1796161372068],[-74.7250972856682,39.1795347652909],[-74.7251654764412,39.17944580838],[-74.7252081511402,39.179386445475],[-74.7252322671667,39.1793486988629],[-74.7253018226637,39.1792450222684],[-74.7253959735435,39.1791102984771],[-74.7255679803427,39.1788535939053],[-74.7259690355945,39.178315678715]]}},{"type":"Feature","id":296535,"properties":{"OBJECTID":296535,"PRIMENAME":"Unnamed Segment","ELEVTYP_F":0,"ELEVTYP_T":0},"geometry":{"type":"LineString","coordinates":[[-74.7266880589966,39.1879932908503],[-74.7263016963332,39.1877548134459]]}},{"type":"Feature","id":297260,"properties":{"OBJECTID":297260,"PRIMENAME":"Unnamed Segment","ELEVTYP_F":0,"ELEVTYP_T":0},"geometry":{"type":"LineString","coordinates":[[-74.7244302997114,39.2032049724099],[-74.7243656514695,39.2031604255375],[-74.7240319613731,39.2029560066358]]}},{"type":"Feature","id":297332,"properties":{"OBJECTID":297332,"PRIMENAME":"FR CO 625 EB TO GSP NB","ELEVTYP_F":0,"ELEVTYP_T":0},"geometry":{"type":"LineString","coordinates":[[-74.7291125462083,39.1707766807762],[-74.7290490983104,39.1707906441711],[-74.7290238995202,39.1707973932273],[-74.7290008946562,39.1708065540131],[-74.7289578189669,39.170826408437],[-74.7289303597263,39.1708430738302],[-74.7289143560066,39.1708574655212],[-74.7289032188122,39.1708711891384],[-74.7288912497949,39.1708892798474],[-74.728886506372,39.1709061483399],[-74.7288770029399,39.1709669023766]]}},{"type":"Feature","id":297697,"properties":{"OBJECTID":297697,"PRIMENAME":"Caledomia Drive","ELEVTYP_F":0,"ELEVTYP_T":0},"geometry":{"type":"LineString","coordinates":[[-74.7094250048052,39.205375811541],[-74.7095970245116,39.2055807469627],[-74.7097090376774,39.2056987219947],[-74.7099373505213,39.2058686014586],[-74.7102506934907,39.2060661420487],[-74.7106310869825,39.2063087274151],[-74.7115125954718,39.2068110838565],[-74.7119466299905,39.2070501082936],[-74.7123851705108,39.2072960701043],[-74.712881875063,39.2075766564658],[-74.7133458837852,39.2078745442995]]}},{"type":"Feature","id":298415,"properties":{"OBJECTID":298415,"PRIMENAME":"Guppy Drive","ELEVTYP_F":0,"ELEVTYP_T":0},"geometry":{"type":"LineString","coordinates":[[-74.7100753822365,39.2179529906329],[-74.7101845853749,39.2178549337276],[-74.7102795845336,39.2177929337795],[-74.7103505830328,39.2177589352712],[-74.7104605833205,39.217715933628],[-74.7105345853398,39.2176849347518],[-74.7106055834814,39.2176559329956],[-74.7106735831882,39.2176249340722],[-74.7107405845917,39.2175939342125],[-74.7108075829404,39.217561932596],[-74.7108755862347,39.2175279346829],[-74.7109415845699,39.2174849329552],[-74.7109945825678,39.2174419331172],[-74.711109601459,39.2173600464246]]}},{"type":"Feature","id":299076,"properties":{"OBJECTID":299076,"PRIMENAME":"North Pebble Drive","ELEVTYP_F":0,"ELEVTYP_T":0},"geometry":{"type":"LineString","coordinates":[[-74.708193874859,39.2163099553148],[-74.7083796596189,39.2166494561475]]}},{"type":"Feature","id":299288,"properties":{"OBJECTID":299288,"PRIMENAME":"Unnamed Segment","ELEVTYP_F":0,"ELEVTYP_T":0},"geometry":{"type":"LineString","coordinates":[[-74.6692556440285,39.2476244738685],[-74.6691834456239,39.2475506470458],[-74.6690616871464,39.2474261368657],[-74.6687079532698,39.2470912667112],[-74.6684462485225,39.2468726708015],[-74.6682398705896,39.2467062675494]]}},{"type":"Feature","id":300158,"properties":{"OBJECTID":300158,"PRIMENAME":"Sea Isle Boulevard","ELEVTYP_F":0,"ELEVTYP_T":0},"geometry":{"type":"LineString","coordinates":[[-74.7281914578361,39.17020528328],[-74.7278511131443,39.17005619578],[-74.7272903052193,39.1698175032606],[-74.726829250933,39.1696222450809],[-74.7263774497481,39.1694293281893],[-74.7256359886456,39.1691159647978],[-74.7249599027874,39.1688266327567],[-74.7242713976015,39.1685349046277],[-74.7237760295917,39.1683251473023],[-74.7231778913579,39.168074426333],[-74.7225049280223,39.1677850739973],[-74.7214519480566,39.16733905418],[-74.7207447988222,39.1670424814184],[-74.7199005476419,39.1666880617646],[-74.7193241796674,39.1664421119328],[-74.7187370149078,39.1661937355273],[-74.718447848424,39.1660770887602],[-74.7180527122994,39.1659099809502],[-74.7175801659435,39.1657113293544],[-74.7170872568288,39.1654968986454],[-74.7166147421281,39.1652950856172],[-74.7162725629878,39.1651532436119],[-74.7159277208926,39.165007459858],[-74.7156982050671,39.1649104294667],[-74.7151319628971,39.1646675974951],[-74.7144313307125,39.1643743784741],[-74.7136655350773,39.1640495615827],[-74.712964930754,39.1637500178703],[-74.7127326626837,39.16365241821]]}},{"type":"Feature","id":300712,"properties":{"OBJECTID":300712,"PRIMENAME":"Sea Sounds Avenue","ELEVTYP_F":0,"ELEVTYP_T":0},"geometry":{"type":"LineString","coordinates":[[-74.66687703866,39.2395156256293],[-74.6665028578673,39.2397770056778],[-74.6661257800955,39.2400543954516]]}},{"type":"Feature","id":301948,"properties":{"OBJECTID":301948,"PRIMENAME":"North Pebble Drive","ELEVTYP_F":0,"ELEVTYP_T":0},"geometry":{"type":"LineString","coordinates":[[-74.7107943415027,39.21838204294],[-74.711215056761,39.2186331098415]]}},{"type":"Feature","id":302222,"properties":{"OBJECTID":302222,"PRIMENAME":"East Katherine Avenue","ELEVTYP_F":0,"ELEVTYP_T":0},"geometry":{"type":"LineString","coordinates":[[-74.6942755805356,39.2137145999903],[-74.6941241950772,39.2136113927676],[-74.6937369200286,39.2133399125068],[-74.6931530800554,39.212930635226]]}},{"type":"Feature","id":302578,"properties":{"OBJECTID":302578,"PRIMENAME":"Landis Avenue","ELEVTYP_F":0,"ELEVTYP_T":0},"geometry":{"type":"LineString","coordinates":[[-74.6599655077058,39.1942319940452],[-74.6599621303505,39.1942363974581],[-74.6594794383282,39.1948014429003]]}},{"type":"Feature","id":302835,"properties":{"OBJECTID":302835,"PRIMENAME":"Ross Boulevard","ELEVTYP_F":0,"ELEVTYP_T":0},"geometry":{"type":"LineString","coordinates":[[-74.6666775498433,39.2468428820322],[-74.6669041766975,39.2470185042176],[-74.6670731984155,39.2471749876701],[-74.6673081887199,39.247392138671],[-74.6673317513088,39.2474175549687]]}},{"type":"Feature","id":303092,"properties":{"OBJECTID":303092,"PRIMENAME":"Red Oak Drive","ELEVTYP_F":0,"ELEVTYP_T":0},"geometry":{"type":"LineString","coordinates":[[-74.7095405846305,39.2180279345323],[-74.7094955833127,39.2181069327277],[-74.7094745854164,39.2181529344639],[-74.7094325840224,39.2182029340092],[-74.7093795851512,39.2182699348617],[-74.7093315828087,39.2183469340369],[-74.7092995851263,39.2183889323964],[-74.7092605841507,39.2184249338874],[-74.7092205831456,39.2184689338332],[-74.7091795836924,39.2185109339126],[-74.7091125833688,39.2185869338544],[-74.7090665831562,39.2186359333142],[-74.7090265836341,39.2186879343653],[-74.7089415841229,39.2187119354373]]}},{"type":"Feature","id":303119,"properties":{"OBJECTID":303119,"PRIMENAME":"FR GSP SB TO GSP SB","ELEVTYP_F":0,"ELEVTYP_T":0},"geometry":{"type":"LineString","coordinates":[[-74.7224793203239,39.182874235206],[-74.7224986816631,39.1828496801885],[-74.722602739256,39.1827428909447],[-74.7227489665674,39.1825725399981],[-74.7229211288757,39.1823590027231],[-74.7230672984785,39.1821708860926],[-74.7232783824802,39.18189379185],[-74.7235349696201,39.181548104054],[-74.7239311092497,39.1809990711925],[-74.7241713976315,39.1806660988442],[-74.7243434566545,39.1804119499105],[-74.7244538291939,39.1802518245207],[-74.7244696800444,39.1802269894621],[-74.7245446775214,39.1801095020389],[-74.7245901807526,39.180043590241]]}},{"type":"Feature","id":303130,"properties":{"OBJECTID":303130,"PRIMENAME":"Foxborough Road","ELEVTYP_F":0,"ELEVTYP_T":0},"geometry":{"type":"LineString","coordinates":[[-74.6984484005029,39.2221034542636],[-74.6989483973483,39.2224202556844],[-74.6991675773084,39.2225579999994],[-74.6992586700261,39.2226152487047]]}},{"type":"Feature","id":303507,"properties":{"OBJECTID":303507,"PRIMENAME":"Red Oak Drive","ELEVTYP_F":0,"ELEVTYP_T":0},"geometry":{"type":"LineString","coordinates":[[-74.6765178924439,39.2399716557817],[-74.6765731792446,39.2399822990348],[-74.6766692462882,39.2400212528754],[-74.6767882914736,39.2400992703764],[-74.6770126469405,39.240269494098],[-74.6775208769255,39.2406454349118],[-74.6778184874487,39.2408653251083],[-74.678093227364,39.2410603740619],[-74.6783587702149,39.2412625196486],[-74.6784568114972,39.2413549006488],[-74.6785046614131,39.2414131189553],[-74.6785466432722,39.241468353689],[-74.6787164520453,39.2417488441663],[-74.6792120508788,39.2425370117452],[-74.6792408431896,39.2425984173576],[-74.6792542383912,39.2426447992449],[-74.6792610891023,39.2427283683347],[-74.6792545718839,39.2427758249247],[-74.6792400836448,39.2428129694023],[-74.6792070690538,39.2428687309499],[-74.6791713293558,39.2429079674051],[-74.6790123161935,39.243070429231],[-74.6787711434638,39.2433055047136]]}},{"type":"Feature","id":304378,"properties":{"OBJECTID":304378,"PRIMENAME":"Unnamed Segment","ELEVTYP_F":0,"ELEVTYP_T":0},"geometry":{"type":"LineString","coordinates":[[-74.7280277471056,39.1978770004894],[-74.7280314638147,39.1978749762491],[-74.7288046571775,39.1974538665844],[-74.7288765357672,39.1974147184144]]}},{"type":"Feature","id":304736,"properties":{"OBJECTID":304736,"PRIMENAME":"Unnamed Segment","ELEVTYP_F":0,"ELEVTYP_T":0},"geometry":{"type":"LineString","coordinates":[[-74.7253460858079,39.2037395964363],[-74.7253008381808,39.2037291297925],[-74.7251019425848,39.2036620319868],[-74.7250045406102,39.2036006608448],[-74.724913469995,39.2035379081324]]}},{"type":"Feature","id":304772,"properties":{"OBJECTID":304772,"PRIMENAME":"Bayview Drive","ELEVTYP_F":0,"ELEVTYP_T":0},"geometry":{"type":"LineString","coordinates":[[-74.6588825001946,39.1961575342976],[-74.6588925672087,39.1961460709633],[-74.6589419523354,39.1961075082449],[-74.6590521947798,39.1960481594656],[-74.6592841267285,39.1959352392101],[-74.6595540920992,39.1958045839328],[-74.6596797990132,39.195749250018]]}},{"type":"Feature","id":305145,"properties":{"OBJECTID":305145,"PRIMENAME":"North Pebble Drive","ELEVTYP_F":0,"ELEVTYP_T":0},"geometry":{"type":"LineString","coordinates":[[-74.7125632017872,39.2194376070881],[-74.7128625762785,39.2196162526864]]}},{"type":"Feature","id":305572,"properties":{"OBJECTID":305572,"PRIMENAME":"South Pebble Drive","ELEVTYP_F":0,"ELEVTYP_T":0},"geometry":{"type":"LineString","coordinates":[[-74.7099409478494,39.2167032503056],[-74.7095536028708,39.2164792408946]]}},{"type":"Feature","id":305688,"properties":{"OBJECTID":305688,"PRIMENAME":"Unnamed Segment","ELEVTYP_F":0,"ELEVTYP_T":0},"geometry":{"type":"LineString","coordinates":[[-74.7161384551077,39.2009985748696],[-74.7160095226594,39.2008893753786],[-74.7158484776365,39.2007927424079],[-74.715759790669,39.2007022279176],[-74.7157032229445,39.2006022744216],[-74.7156144121516,39.2004711135529],[-74.7155378963327,39.2004180987676],[-74.7153890925355,39.2003808515544],[-74.7152202138641,39.2003498966219],[-74.7151437270869,39.2003062627997],[-74.7151113864896,39.2002437857732],[-74.715079047105,39.2001813078339],[-74.7150145972757,39.2001313981196],[-74.7148697748347,39.2000816357239],[-74.714730032391,39.2000336195089],[-74.714640274776,39.1999382263118],[-74.7145557516675,39.1998946060039]]}},{"type":"Feature","id":306064,"properties":{"OBJECTID":306064,"PRIMENAME":"Lexington Court","ELEVTYP_F":0,"ELEVTYP_T":0},"geometry":{"type":"LineString","coordinates":[[-74.7211971306044,39.1992039461481],[-74.7210304572898,39.1990213680796],[-74.7208727541202,39.1988861926295],[-74.7206645062165,39.1987467463642],[-74.72036068228,39.1985681339296],[-74.7201299801029,39.1984243637276],[-74.7199780142005,39.1983285219125],[-74.7198767186856,39.1982544132793],[-74.7197922333638,39.1981846662107],[-74.719715824309,39.1981018336566],[-74.7196456151651,39.1979926300736],[-74.7195039147329,39.1975777678025],[-74.7194282147916,39.1973384868429],[-74.7193961455848,39.1972371142705]]}},{"type":"Feature","id":306178,"properties":{"OBJECTID":306178,"PRIMENAME":"Indian Walk Road","ELEVTYP_F":0,"ELEVTYP_T":0},"geometry":{"type":"LineString","coordinates":[[-74.7155405937799,39.205877617773],[-74.7158345364014,39.2060733117954],[-74.7171992332732,39.2069738706535],[-74.717289325635,39.207033319727]]}},{"type":"Feature","id":306361,"properties":{"OBJECTID":306361,"PRIMENAME":"Unnamed Segment","ELEVTYP_F":0,"ELEVTYP_T":0},"geometry":{"type":"LineString","coordinates":[[-74.7301174985917,39.1967674438567],[-74.7298742222725,39.1964768746684],[-74.7296325377296,39.1962991222258],[-74.7293909981327,39.1961659260251],[-74.7291373088707,39.1960022672006],[-74.7289741140799,39.1958642262826],[-74.7288918645025,39.1957946516536],[-74.7288080521471,39.1957707478014],[-74.7287568111508,39.1957685026479],[-74.7286574669692,39.1957641520501],[-74.7285579618207,39.195787654562],[-74.7284556066154,39.1958230319627],[-74.7280728012912,39.1959963879905],[-74.7280023682169,39.1960282838356],[-74.7279771152718,39.196039719789]]}},{"type":"Feature","id":306523,"properties":{"OBJECTID":306523,"PRIMENAME":"Unnamed Segment","ELEVTYP_F":0,"ELEVTYP_T":0},"geometry":{"type":"LineString","coordinates":[[-74.7276511109585,39.2050362261939],[-74.7276450156125,39.2050325005509],[-74.7275748852271,39.2050168081375],[-74.7274094809293,39.2048992896355],[-74.7271714701178,39.2047436703588]]}},{"type":"Feature","id":307644,"properties":{"OBJECTID":307644,"PRIMENAME":"Seaside Avenue","ELEVTYP_F":0,"ELEVTYP_T":0},"geometry":{"type":"LineString","coordinates":[[-74.6652016595614,39.2392932763555],[-74.6660153252703,39.2399608137221],[-74.6661257800955,39.2400543954516]]}},{"type":"Feature","id":309240,"properties":{"OBJECTID":309240,"PRIMENAME":"Unnamed Segment","ELEVTYP_F":0,"ELEVTYP_T":0},"geometry":{"type":"LineString","coordinates":[[-74.7142393356211,39.2002422649144],[-74.7144044421491,39.2003545275088],[-74.7146057356191,39.200472975899],[-74.7148109043702,39.2005445140135],[-74.7150202362864,39.2006629477621],[-74.7152014767439,39.2007939392896],[-74.715350642932,39.2009500041557],[-74.7155881563331,39.2010840187379],[-74.7156768244352,39.2011682780027],[-74.7157236295736,39.2012990841928],[-74.7157243372346,39.201301060211]]}},{"type":"Feature","id":309280,"properties":{"OBJECTID":309280,"PRIMENAME":"FR US 9 SB to NJ 50 NB","ELEVTYP_F":0,"ELEVTYP_T":0},"geometry":{"type":"LineString","coordinates":[[-74.70385084527,39.2090509280349],[-74.704013072936,39.2089623481086],[-74.704049255011,39.2089402359775],[-74.7040876373462,39.2089222124604],[-74.7041235244029,39.2089082011043],[-74.7041593893918,39.2088981705525],[-74.7041901468136,39.2088921315201],[-74.7042286100257,39.2088900597479],[-74.7042670501111,39.208891996706],[-74.7043183243117,39.2089018735978],[-74.7043722743842,39.2089217134788],[-74.7044050449159,39.2089402716792],[-74.7044390644831,39.2089634957899],[-74.7046241623825,39.2091407103952]]}},{"type":"Feature","id":309667,"properties":{"OBJECTID":309667,"PRIMENAME":"Unnamed Segment","ELEVTYP_F":0,"ELEVTYP_T":0},"geometry":{"type":"LineString","coordinates":[[-74.6728189176535,39.2321327680959],[-74.6738785552658,39.2310782844002],[-74.6739911142996,39.2310357170096]]}},{"type":"Feature","id":309864,"properties":{"OBJECTID":309864,"PRIMENAME":"Unnamed Segment","ELEVTYP_F":0,"ELEVTYP_T":0},"geometry":{"type":"LineString","coordinates":[[-74.7014634780348,39.2083761643802],[-74.7021209490572,39.2076942820133],[-74.7032134985843,39.2083780578963],[-74.7032484306259,39.208399922311],[-74.703245385429,39.2084421316072],[-74.7032075121902,39.2085013922513],[-74.7026485723555,39.2090983031773]]}},{"type":"Feature","id":310971,"properties":{"OBJECTID":310971,"PRIMENAME":"Somers Avenue","ELEVTYP_F":0,"ELEVTYP_T":0},"geometry":{"type":"LineString","coordinates":[[-74.7072104371589,39.2116456635263],[-74.7068411539254,39.2116345954487],[-74.7066374861304,39.2116283123478],[-74.7065193765843,39.2116356329484]]}},{"type":"Feature","id":311898,"properties":{"OBJECTID":311898,"PRIMENAME":"Evio John Court","ELEVTYP_F":0,"ELEVTYP_T":0},"geometry":{"type":"LineString","coordinates":[[-74.6670000465712,39.2450966333363],[-74.6668849569194,39.2449953012443],[-74.6659775346543,39.244196343858]]}},{"type":"Feature","id":311923,"properties":{"OBJECTID":311923,"PRIMENAME":"North Pebble Drive","ELEVTYP_F":0,"ELEVTYP_T":0},"geometry":{"type":"LineString","coordinates":[[-74.7083796596189,39.2166494561475],[-74.7085275796867,39.2169569665855]]}},{"type":"Feature","id":312397,"properties":{"OBJECTID":312397,"PRIMENAME":"Unnamed Segment","ELEVTYP_F":0,"ELEVTYP_T":0},"geometry":{"type":"LineString","coordinates":[[-74.7240319613731,39.2029560066358],[-74.7237359868449,39.2027746927726],[-74.7236405392852,39.2027122059985]]}},{"type":"Feature","id":314730,"properties":{"OBJECTID":314730,"PRIMENAME":"Osprey Drive","ELEVTYP_F":0,"ELEVTYP_T":0},"geometry":{"type":"LineString","coordinates":[[-74.6849583996958,39.2219771390438],[-74.6849549917732,39.2220739539719],[-74.685161774107,39.2223336437889],[-74.6856125692267,39.2226730987322],[-74.6859550667506,39.2229267045784],[-74.6859651360114,39.2229343149311]]}},{"type":"Feature","id":315121,"properties":{"OBJECTID":315121,"PRIMENAME":"Belcroft Avenue","ELEVTYP_F":0,"ELEVTYP_T":0},"geometry":{"type":"LineString","coordinates":[[-74.7080112702756,39.2076378164449],[-74.7083745424549,39.2078787100839],[-74.7088591734511,39.208198023208],[-74.7094139902252,39.2085593553811]]}},{"type":"Feature","id":315174,"properties":{"OBJECTID":315174,"PRIMENAME":"East Seacliff Road","ELEVTYP_F":0,"ELEVTYP_T":0},"geometry":{"type":"LineString","coordinates":[[-74.6516809114406,39.2004336955995],[-74.6531068297325,39.2011322152088],[-74.6532293818897,39.201193916145]]}},{"type":"Feature","id":315545,"properties":{"OBJECTID":315545,"PRIMENAME":"Unnamed Segment","ELEVTYP_F":0,"ELEVTYP_T":0},"geometry":{"type":"LineString","coordinates":[[-74.7173289459567,39.2060918230107],[-74.717485706885,39.2059586045636]]}},{"type":"Feature","id":316906,"properties":{"OBJECTID":316906,"PRIMENAME":"Dana Avenue","ELEVTYP_F":0,"ELEVTYP_T":0},"geometry":{"type":"LineString","coordinates":[[-74.7144381919983,39.2068766311097],[-74.7141612670561,39.2066950156476],[-74.7137943731863,39.2064976118195],[-74.7134498271927,39.2063140314955],[-74.7131633832256,39.2061338309727],[-74.7128142675496,39.2059085774035],[-74.7122636258311,39.2055029371975],[-74.7117411558988,39.2050979575169],[-74.7113324157982,39.2048164922612],[-74.7109803965403,39.2045601011223]]}},{"type":"Feature","id":316996,"properties":{"OBJECTID":316996,"PRIMENAME":"Unnamed Segment","ELEVTYP_F":0,"ELEVTYP_T":0},"geometry":{"type":"LineString","coordinates":[[-74.7214249144358,39.2008879201593],[-74.7210964901759,39.2006438253687]]}},{"type":"Feature","id":317371,"properties":{"OBJECTID":317371,"PRIMENAME":"West Ocean Avenue","ELEVTYP_F":0,"ELEVTYP_T":0},"geometry":{"type":"LineString","coordinates":[[-74.6685195615666,39.2441669110275],[-74.66874884354,39.2443325582163],[-74.6693712525619,39.2448835733629],[-74.66979869297,39.2452491487847],[-74.6704518771888,39.2458160650253],[-74.6708963587882,39.2461709852607],[-74.6719735696892,39.2470768616691],[-74.6730131953628,39.2479669409597],[-74.6741075174062,39.2488727989155],[-74.6745535528926,39.2492266045492]]}},{"type":"Feature","id":317416,"properties":{"OBJECTID":317416,"PRIMENAME":"Somers Avenue","ELEVTYP_F":0,"ELEVTYP_T":0},"geometry":{"type":"LineString","coordinates":[[-74.7091416509456,39.2126105532012],[-74.7079961060204,39.2119130994877],[-74.7077750465944,39.2117781557362],[-74.7076730764955,39.2117288593848],[-74.7075668844447,39.2116960178483],[-74.7074225490202,39.2116665655005],[-74.7072569956662,39.2116470634739],[-74.7072104371589,39.2116456635263]]}},{"type":"Feature","id":318027,"properties":{"OBJECTID":318027,"PRIMENAME":"Chadwyn Drive","ELEVTYP_F":0,"ELEVTYP_T":0},"geometry":{"type":"LineString","coordinates":[[-74.6853395311983,39.2400793056365],[-74.6854764049295,39.24129269849],[-74.6856426126667,39.2426745780943],[-74.6856428792268,39.2427757027031],[-74.6856358399684,39.2428515779654],[-74.6856144766108,39.242958366311],[-74.6855678045043,39.2430820251255],[-74.6854958784317,39.2432029522973],[-74.6853625991332,39.2433436358257],[-74.6849698243008,39.2437403583254],[-74.6848581194422,39.2438416606876],[-74.6847607906961,39.2439176521274],[-74.6846633902664,39.2439796402463],[-74.6846249237181,39.2440016669883]]}},{"type":"Feature","id":318686,"properties":{"OBJECTID":318686,"PRIMENAME":"Sea Sounds Avenue","ELEVTYP_F":0,"ELEVTYP_T":0},"geometry":{"type":"LineString","coordinates":[[-74.6661257800955,39.2400543954516],[-74.6657330146776,39.2403432837603],[-74.6653817851531,39.2405942211571]]}},{"type":"Feature","id":319799,"properties":{"OBJECTID":319799,"PRIMENAME":"Taylor Avenue","ELEVTYP_F":0,"ELEVTYP_T":0},"geometry":{"type":"LineString","coordinates":[[-74.6692557505786,39.1832995091989],[-74.6701116887487,39.1838268473488],[-74.6708983980132,39.1842878890862],[-74.6714959159756,39.1846249796789],[-74.6718442369972,39.1848214811488]]}},{"type":"Feature","id":321127,"properties":{"OBJECTID":321127,"PRIMENAME":"East Ocean Avenue","ELEVTYP_F":0,"ELEVTYP_T":0},"geometry":{"type":"LineString","coordinates":[[-74.6660372265529,39.2421402416565],[-74.6671931529541,39.2430690767982],[-74.6673346605108,39.2431876782604],[-74.6675692511375,39.2433842951144],[-74.6680103764262,39.243765755312],[-74.6682497330089,39.2439670554049],[-74.6684446087057,39.2441127644475],[-74.6685195615666,39.2441669110275]]}},{"type":"Feature","id":321379,"properties":{"OBJECTID":321379,"PRIMENAME":"Corsons Tavern Road","ELEVTYP_F":0,"ELEVTYP_T":0},"geometry":{"type":"LineString","coordinates":[[-74.7198399342643,39.1999142311913],[-74.718907044216,39.2004034673148]]}},{"type":"Feature","id":321832,"properties":{"OBJECTID":321832,"PRIMENAME":"Unnamed Segment","ELEVTYP_F":0,"ELEVTYP_T":0},"geometry":{"type":"LineString","coordinates":[[-74.7271714701178,39.2047436703588],[-74.7279878990755,39.2040537638985]]}},{"type":"Feature","id":322147,"properties":{"OBJECTID":322147,"PRIMENAME":"Unnamed Segment","ELEVTYP_F":0,"ELEVTYP_T":0},"geometry":{"type":"LineString","coordinates":[[-74.7177079662001,39.2004171907252],[-74.7155940381332,39.1990640820912],[-74.7155015334561,39.1990392379882]]}},{"type":"Feature","id":323366,"properties":{"OBJECTID":323366,"PRIMENAME":"Crestview Drive","ELEVTYP_F":0,"ELEVTYP_T":0},"geometry":{"type":"LineString","coordinates":[[-74.6883914704528,39.2191873221916],[-74.6884140022839,39.2192047483516],[-74.6888051713984,39.2194659765508],[-74.6893582681306,39.2198491244616],[-74.6895471635229,39.2199850057057],[-74.6895608516332,39.2199951429983]]}},{"type":"Feature","id":324896,"properties":{"OBJECTID":324896,"PRIMENAME":"Unnamed Segment","ELEVTYP_F":0,"ELEVTYP_T":0},"geometry":{"type":"LineString","coordinates":[[-74.723501258386,39.2012423023559],[-74.7237722234878,39.2013710724797],[-74.7238288430063,39.2014043810161],[-74.7239803742371,39.2015309622076]]}},{"type":"Feature","id":326218,"properties":{"OBJECTID":326218,"PRIMENAME":"South Pebble Drive","ELEVTYP_F":0,"ELEVTYP_T":0},"geometry":{"type":"LineString","coordinates":[[-74.71255932344,39.2182744007378],[-74.7124865836954,39.2182269335589],[-74.7123965847739,39.218176933139],[-74.7123235856204,39.2181309328823],[-74.7122765852492,39.2180969338144]]}},{"type":"Feature","id":326602,"properties":{"OBJECTID":326602,"PRIMENAME":"Unnamed Segment","ELEVTYP_F":0,"ELEVTYP_T":0},"geometry":{"type":"LineString","coordinates":[[-74.7135298160005,39.2008095699585],[-74.7134575885245,39.2008659368215],[-74.7134118518756,39.2009119135531]]}},{"type":"Feature","id":326984,"properties":{"OBJECTID":326984,"PRIMENAME":"State Highway 50","ELEVTYP_F":0,"ELEVTYP_T":0},"geometry":{"type":"LineString","coordinates":[[-74.7054064224913,39.2274141901879],[-74.7055868694972,39.2277705704473],[-74.7057444304108,39.2280975148031],[-74.7058015387835,39.2282160161656]]}},{"type":"Feature","id":327133,"properties":{"OBJECTID":327133,"PRIMENAME":"State Highway 50","ELEVTYP_F":0,"ELEVTYP_T":0},"geometry":{"type":"LineString","coordinates":[[-74.7070219665604,39.2138218324843],[-74.7070612140305,39.2140137451743],[-74.7072115435721,39.2147241021162],[-74.7072927355157,39.2151201485667]]}},{"type":"Feature","id":327651,"properties":{"OBJECTID":327651,"PRIMENAME":"Sea Grove Road","ELEVTYP_F":0,"ELEVTYP_T":0},"geometry":{"type":"LineString","coordinates":[[-74.7275922480413,39.1881517498177],[-74.7278677921507,39.1883331429931]]}},{"type":"Feature","id":328818,"properties":{"OBJECTID":328818,"PRIMENAME":"Unnamed Segment","ELEVTYP_F":0,"ELEVTYP_T":0},"geometry":{"type":"LineString","coordinates":[[-74.7183272766513,39.2052433929038],[-74.7183274738665,39.2052435159483],[-74.7186838199187,39.2054841932162],[-74.7190175350568,39.2057455157657],[-74.7192524822845,39.2058745765951],[-74.7194874750155,39.2060183528572],[-74.7196542400581,39.2061203821105],[-74.719783191794,39.2062238220018]]}},{"type":"Feature","id":329404,"properties":{"OBJECTID":329404,"PRIMENAME":"Unnamed Segment","ELEVTYP_F":0,"ELEVTYP_T":0},"geometry":{"type":"LineString","coordinates":[[-74.7268367241289,39.2033490114539],[-74.7269956302372,39.2034472980789],[-74.7273965182884,39.2036839595519],[-74.7277135197029,39.2038710964059],[-74.7279878990755,39.2040537638985]]}},{"type":"Feature","id":331827,"properties":{"OBJECTID":331827,"PRIMENAME":"Unnamed Segment","ELEVTYP_F":0,"ELEVTYP_T":0},"geometry":{"type":"LineString","coordinates":[[-74.6720707961508,39.2316140695221],[-74.6719500942465,39.2317200816386],[-74.6710984887614,39.2325204437407],[-74.6707423786805,39.2327901897461]]}},{"type":"Feature","id":332165,"properties":{"OBJECTID":332165,"PRIMENAME":"Unnamed Segment","ELEVTYP_F":0,"ELEVTYP_T":0},"geometry":{"type":"LineString","coordinates":[[-74.7217463111586,39.2001992750958],[-74.7220921583018,39.2004542205292]]}},{"type":"Feature","id":333717,"properties":{"OBJECTID":333717,"PRIMENAME":"Garden State Parkway","ELEVTYP_F":0,"ELEVTYP_T":0},"geometry":{"type":"LineString","coordinates":[[-74.714312503721,39.1903785503326],[-74.7144834322781,39.1902449059587],[-74.7158034180318,39.1892128117079],[-74.7165412915877,39.1886358515364],[-74.7173341670702,39.1880158673826],[-74.7182461949235,39.1872991139563],[-74.7190435847279,39.1866540681818],[-74.7197949518397,39.1860091316426],[-74.7203171521089,39.185521927624],[-74.7206881685682,39.1851708680773],[-74.7210041707753,39.1848627725443],[-74.7210902993041,39.1847752668408],[-74.7214025652967,39.184458032917],[-74.721670058182,39.1841738322913]]}},{"type":"Feature","id":334170,"properties":{"OBJECTID":334170,"PRIMENAME":"Mariners Cove","ELEVTYP_F":0,"ELEVTYP_T":0},"geometry":{"type":"LineString","coordinates":[[-74.7197634861885,39.2143714468528],[-74.7188558903304,39.2151908360788]]}},{"type":"Feature","id":334808,"properties":{"OBJECTID":334808,"PRIMENAME":"New Bridge Road","ELEVTYP_F":0,"ELEVTYP_T":0},"geometry":{"type":"LineString","coordinates":[[-74.7063735917553,39.2077947100309],[-74.7062909002299,39.207733900775],[-74.7061421197654,39.2076417153262],[-74.7059168803392,39.2075199824315],[-74.7056491241675,39.2073652942424]]}},{"type":"Feature","id":335247,"properties":{"OBJECTID":335247,"PRIMENAME":"Bay Avenue","ELEVTYP_F":0,"ELEVTYP_T":0},"geometry":{"type":"LineString","coordinates":[[-74.6475419220286,39.21585046334],[-74.647506758289,39.2158868275939],[-74.6473092314551,39.2161033869911],[-74.6471158619046,39.2163166185299],[-74.6469805275891,39.216478346266],[-74.6469099590163,39.2165626765284],[-74.6467376877819,39.2167726405248],[-74.6465486189353,39.2170186496364],[-74.6463091452699,39.2173335299433],[-74.6461074777125,39.2175992967569],[-74.6458721868499,39.2179076353602],[-74.6454688218592,39.2184291714814],[-74.6450612517937,39.2189507384243],[-74.644838528198,39.2192295705216],[-74.6442670419585,39.2199512561055],[-74.6438047907685,39.2205318645268],[-74.6431072122008,39.2214011730509],[-74.6427499556628,39.2218243180582],[-74.641942971738,39.2227888099831],[-74.641325111982,39.2235269017109],[-74.6408585721263,39.2240878715227],[-74.6405115555657,39.2244999349085],[-74.640076740697,39.2250162415113],[-74.6398450772364,39.225292521592]]}},{"type":"Feature","id":335548,"properties":{"OBJECTID":335548,"PRIMENAME":"Foxborough Road","ELEVTYP_F":0,"ELEVTYP_T":0},"geometry":{"type":"LineString","coordinates":[[-74.6944242109176,39.2177207684395],[-74.6942766593697,39.2178718929453],[-74.6942230077638,39.2179488079549],[-74.6941693970628,39.2180536477217],[-74.6941472868875,39.2181514328104],[-74.6941431118418,39.2182631914172],[-74.6941568199258,39.2183574017638],[-74.6941930071899,39.2184620918342],[-74.6942561541399,39.2185771973831],[-74.6943417707704,39.2186992396422],[-74.6944318282923,39.2187933504772],[-74.6945397829155,39.2188874592801],[-74.6946746755883,39.2189710057702],[-74.694801469864,39.2190485805273]]}},{"type":"Feature","id":335552,"properties":{"OBJECTID":335552,"PRIMENAME":"Peach Orchard Road","ELEVTYP_F":0,"ELEVTYP_T":0},"geometry":{"type":"LineString","coordinates":[[-74.7059889437616,39.2186081123463],[-74.7076322832069,39.2194728747352],[-74.7077664572411,39.2195462486601]]}},{"type":"Feature","id":335614,"properties":{"OBJECTID":335614,"PRIMENAME":"Gladwyn Drive","ELEVTYP_F":0,"ELEVTYP_T":0},"geometry":{"type":"LineString","coordinates":[[-74.6824777347573,39.2426199420663],[-74.6840770214125,39.2435479517714],[-74.6843845808944,39.243738485616],[-74.6844243933049,39.243772112605],[-74.68447148198,39.243819813384],[-74.6845403313734,39.2438983419934],[-74.6846249237181,39.2440016669883]]}},{"type":"Feature","id":336089,"properties":{"OBJECTID":336089,"PRIMENAME":"Garden State Parkway","ELEVTYP_F":0,"ELEVTYP_T":0},"geometry":{"type":"LineString","coordinates":[[-74.7017602599182,39.2021058018264],[-74.7020706659517,39.201789953358],[-74.7021579758005,39.2017005293291],[-74.7027350126727,39.2011095016255],[-74.7033855549494,39.2004434032947],[-74.7041919063708,39.1996268359437],[-74.7050898492397,39.1987135611898],[-74.7054479118,39.1983493178685],[-74.7058502716703,39.1979400066357],[-74.706445850388,39.1973347510438],[-74.7074903220295,39.1962674632401],[-74.7079988014411,39.195751729085],[-74.7082147696099,39.1955236097907],[-74.708690444709,39.1950211671356],[-74.7094327477578,39.1943512450936],[-74.7094354000208,39.1943489188764],[-74.7107525105212,39.1931941137901],[-74.7111603385972,39.1928286851941],[-74.7112313472038,39.1927710066748],[-74.7115132474879,39.1925420202315],[-74.7119165599861,39.1922266790462],[-74.7123933427378,39.1918683417386],[-74.7129067197592,39.191477673109],[-74.7135530124506,39.1909723715742],[-74.714312503721,39.1903785503326]]}},{"type":"Feature","id":336715,"properties":{"OBJECTID":336715,"PRIMENAME":"3rd Street","ELEVTYP_F":0,"ELEVTYP_T":0},"geometry":{"type":"LineString","coordinates":[[-74.6860937798895,39.2273293953691],[-74.6857025361434,39.22709132069]]}},{"type":"Feature","id":337592,"properties":{"OBJECTID":337592,"PRIMENAME":"Garden State Parkway","ELEVTYP_F":0,"ELEVTYP_T":1},"geometry":{"type":"LineString","coordinates":[[-74.7259690355945,39.178315678715],[-74.7259864727469,39.1782877342823],[-74.7261686988823,39.1779956718577],[-74.7267901756716,39.1770040977117],[-74.7272244123568,39.1763168123836],[-74.7275213787259,39.1758371535012],[-74.7277224399707,39.1755149854271],[-74.7279509566738,39.1751534444551],[-74.728234329303,39.1747274352863],[-74.7286275434156,39.1741582651172],[-74.7289110827439,39.1737643786645],[-74.7291305901266,39.1734672132934],[-74.7295192830663,39.1729659242818],[-74.7298578072311,39.1725290932289],[-74.7300000891218,39.1723566759854],[-74.730117148072,39.1722148233406]]}},{"type":"Feature","id":338801,"properties":{"OBJECTID":338801,"PRIMENAME":"Danielle Drive","ELEVTYP_F":0,"ELEVTYP_T":0},"geometry":{"type":"LineString","coordinates":[[-74.6957667143429,39.2196514097586],[-74.6951987733267,39.2202165564953]]}},{"type":"Feature","id":339487,"properties":{"OBJECTID":339487,"PRIMENAME":"Shady Oaks Drive","ELEVTYP_F":0,"ELEVTYP_T":0},"geometry":{"type":"LineString","coordinates":[[-74.7107955849778,39.2185949330482],[-74.7107165851391,39.2185469328928],[-74.7105995855596,39.2184779336653],[-74.7105795834904,39.2184659347294],[-74.7105195842586,39.2184299333839]]}},{"type":"Feature","id":339837,"properties":{"OBJECTID":339837,"PRIMENAME":"Brewhaus Lane","ELEVTYP_F":0,"ELEVTYP_T":0},"geometry":{"type":"LineString","coordinates":[[-74.6926192003189,39.2224356432798],[-74.6937937148334,39.2217865524385],[-74.694022304626,39.2216674470216],[-74.6941657931931,39.2216148742149],[-74.6943362348349,39.2215691755458],[-74.6944977776668,39.2215479553299],[-74.6945667872437,39.2215444889991]]}},{"type":"Feature","id":340347,"properties":{"OBJECTID":340347,"PRIMENAME":"Corsons Tavern Road","ELEVTYP_F":0,"ELEVTYP_T":0},"geometry":{"type":"LineString","coordinates":[[-74.7155510557716,39.2021650239265],[-74.7148413438668,39.2025359943083],[-74.7140426553691,39.2029544400951]]}},{"type":"Feature","id":341186,"properties":{"OBJECTID":341186,"PRIMENAME":"Coventry Lane","ELEVTYP_F":0,"ELEVTYP_T":0},"geometry":{"type":"LineString","coordinates":[[-74.6767428576078,39.2469830119208],[-74.6770910074681,39.2472523049002],[-74.6773367497426,39.2474500082867],[-74.6774406632889,39.2475158841921],[-74.677509992732,39.2475622359616],[-74.6776453270574,39.2476109309748],[-74.6779065668481,39.2476936460577],[-74.6781268608851,39.2477691183825],[-74.6783157027862,39.2478348644828],[-74.6784384927361,39.247893351741],[-74.6785644682501,39.2479689406752],[-74.6786905470771,39.2480714378932],[-74.6787375291296,39.2481058242058]]}},{"type":"Feature","id":341516,"properties":{"OBJECTID":341516,"PRIMENAME":"Unnamed Segment","ELEVTYP_F":0,"ELEVTYP_T":0},"geometry":{"type":"LineString","coordinates":[[-74.7130122971419,39.2000858294108],[-74.7131934082275,39.1999892008664],[-74.7133134889346,39.1998926846965],[-74.7134655265058,39.1997130061796],[-74.7135484177956,39.1996534929638],[-74.7135975868382,39.1996547225517],[-74.7136535819368,39.1996704493238],[-74.7139720629155,39.199993080237]]}},{"type":"Feature","id":341599,"properties":{"OBJECTID":341599,"PRIMENAME":"North Pebble Drive","ELEVTYP_F":0,"ELEVTYP_T":0},"geometry":{"type":"LineString","coordinates":[[-74.7104232316523,39.2181605771869],[-74.7107943415027,39.21838204294]]}},{"type":"Feature","id":341883,"properties":{"OBJECTID":341883,"PRIMENAME":"Unnamed Segment","ELEVTYP_F":0,"ELEVTYP_T":0},"geometry":{"type":"LineString","coordinates":[[-74.7134275427111,39.2421050825415],[-74.7132166706685,39.2422092710234],[-74.7130505858106,39.2425009392376],[-74.712716586219,39.2427609400482],[-74.712034941309,39.2431644795245],[-74.7110155848808,39.2432099379945],[-74.7100904176002,39.2431449772253],[-74.7098264860922,39.2430278311652],[-74.7091888878871,39.2429492233736],[-74.7091808132344,39.2429480109498],[-74.7084457637807,39.2428431483153],[-74.7073271935122,39.2426165780362],[-74.7072017616033,39.2426152419128],[-74.706826237337,39.2424869388886]]}},{"type":"Feature","id":342269,"properties":{"OBJECTID":342269,"PRIMENAME":"Somers Avenue","ELEVTYP_F":0,"ELEVTYP_T":0},"geometry":{"type":"LineString","coordinates":[[-74.7104592976287,39.2134071626524],[-74.7094286240243,39.2127852980028],[-74.7091416509456,39.2126105532012]]}},{"type":"Feature","id":343118,"properties":{"OBJECTID":343118,"PRIMENAME":"North Pebble Drive","ELEVTYP_F":0,"ELEVTYP_T":0},"geometry":{"type":"LineString","coordinates":[[-74.7089240927252,39.2172659121805],[-74.7092855492117,39.2174816293743]]}},{"type":"Feature","id":343658,"properties":{"OBJECTID":343658,"PRIMENAME":"Shady Oaks Drive","ELEVTYP_F":0,"ELEVTYP_T":0},"geometry":{"type":"LineString","coordinates":[[-74.7109815847378,39.2196059342382],[-74.7109285848568,39.2196879355053],[-74.7108755857144,39.2197489347896],[-74.7108135840876,39.219803934597],[-74.7107415833981,39.2198709335025],[-74.7106625853924,39.2199379333063],[-74.7105665848914,39.2200319337461],[-74.7105095825056,39.2200959335556],[-74.7104825845327,39.2201539345484],[-74.7104845863104,39.2202049350358],[-74.7105095846344,39.2202649337989],[-74.7106165842331,39.2203609337392],[-74.7106605838333,39.2203919346212],[-74.7107045839519,39.2204219337622]]}},{"type":"Feature","id":344138,"properties":{"OBJECTID":344138,"PRIMENAME":"Unnamed Segment","ELEVTYP_F":0,"ELEVTYP_T":0},"geometry":{"type":"LineString","coordinates":[[-74.7148173532202,39.1996059482833],[-74.7149275955831,39.1996046891893],[-74.7150977626884,39.1996343242539],[-74.715284364362,39.19964311585],[-74.7154330788145,39.1996501223945],[-74.7155651700694,39.1997332258706],[-74.7156817038233,39.1998065389142],[-74.7157622304786,39.1998572022152],[-74.7158376608271,39.1998844217073],[-74.7159732906005,39.1998841703656],[-74.7163156335592,39.1998388620295]]}},{"type":"Feature","id":344628,"properties":{"OBJECTID":344628,"PRIMENAME":"Shady Oaks Drive","ELEVTYP_F":0,"ELEVTYP_T":0},"geometry":{"type":"LineString","coordinates":[[-74.7081945847666,39.2179289341646],[-74.708196584851,39.217930934938],[-74.7082805824151,39.2179729328469],[-74.7083585835398,39.2180129343697]]}},{"type":"Feature","id":344837,"properties":{"OBJECTID":344837,"PRIMENAME":"Belcroft Avenue","ELEVTYP_F":0,"ELEVTYP_T":0},"geometry":{"type":"LineString","coordinates":[[-74.7112706725431,39.2097690435249],[-74.7122851818326,39.2104280413518],[-74.7123791885308,39.2104891031461]]}},{"type":"Feature","id":345237,"properties":{"OBJECTID":345237,"PRIMENAME":"Garden State Parkway","ELEVTYP_F":1,"ELEVTYP_T":0},"geometry":{"type":"LineString","coordinates":[[-74.7001630887964,39.2037426425984],[-74.7001710425259,39.2037342989317],[-74.7004029490602,39.2034910771495],[-74.7008703095906,39.2030111670057],[-74.7015391970926,39.2023307143857],[-74.7016514805867,39.2022164899444],[-74.7017602599182,39.2021058018264]]}},{"type":"Feature","id":345733,"properties":{"OBJECTID":345733,"PRIMENAME":"Landis Avenue","ELEVTYP_F":0,"ELEVTYP_T":0},"geometry":{"type":"LineString","coordinates":[[-74.6616487443036,39.1917859382043],[-74.6619793836933,39.192018792595],[-74.6609941045308,39.1931158428621],[-74.660368427329,39.1937893735172],[-74.6599655077058,39.1942319940452]]}},{"type":"Feature","id":345906,"properties":{"OBJECTID":345906,"PRIMENAME":"West Katherine Avenue","ELEVTYP_F":0,"ELEVTYP_T":0},"geometry":{"type":"LineString","coordinates":[[-74.6964948586448,39.2145248789157],[-74.6974920823922,39.215069347634],[-74.6983705438056,39.2155489087868],[-74.7002417251406,39.2165589675066],[-74.7021788828247,39.2176132518775],[-74.7041951575132,39.2187014949035],[-74.7042752361022,39.2187459726428]]}},{"type":"Feature","id":346057,"properties":{"OBJECTID":346057,"PRIMENAME":"Corsons Tavern Road","ELEVTYP_F":0,"ELEVTYP_T":0},"geometry":{"type":"LineString","coordinates":[[-74.7232272750994,39.1981365097111],[-74.722211222175,39.1986699734477],[-74.7216938030016,39.1989424306863]]}},{"type":"Feature","id":346183,"properties":{"OBJECTID":346183,"PRIMENAME":"Old Stagecoach Road","ELEVTYP_F":0,"ELEVTYP_T":0},"geometry":{"type":"LineString","coordinates":[[-74.7042752361022,39.2187459726428],[-74.7036314438701,39.2194086858765],[-74.7032220716794,39.2198318046134]]}},{"type":"Feature","id":346813,"properties":{"OBJECTID":346813,"PRIMENAME":"Garden State Parkway","ELEVTYP_F":0,"ELEVTYP_T":1},"geometry":{"type":"LineString","coordinates":[[-74.6739911142996,39.2310357170096],[-74.6742230524554,39.2307545567326],[-74.6745254628106,39.2303679717952],[-74.6747683050594,39.2300494321811],[-74.6749836263589,39.2297524055529],[-74.6751806408042,39.2294767674072],[-74.675446272676,39.2290974014043],[-74.6756935886085,39.2287216594118],[-74.675904205676,39.2283959998517],[-74.6763163088969,39.2277518315321],[-74.6766368633564,39.2272615622293],[-74.6769527964138,39.2267748410886],[-74.6772550038891,39.2263060412262],[-74.677593767408,39.2257763950301],[-74.6778273470182,39.2254220585528],[-74.6780882526812,39.2250141380947],[-74.6784225476243,39.2244952043765],[-74.6787201914643,39.224058560857],[-74.6789445835545,39.2237329014499],[-74.6793477175736,39.2231924698949],[-74.6797279938029,39.2227163500017],[-74.6798883181767,39.2225194522112],[-74.6803145630816,39.2220218700448],[-74.6806491867916,39.2216566630809],[-74.6809023111876,39.2213922954597],[-74.6812909223525,39.2209942728957],[-74.6817310639699,39.2205681356904],[-74.6821758869395,39.2201526976464],[-74.6825742206861,39.2197991466427],[-74.6825793773813,39.2197945704488],[-74.6831205237017,39.2193396582864],[-74.6836296361883,39.2189348496378],[-74.683932452082,39.2187019729026],[-74.68413879075,39.2185479399825],[-74.684551677488,39.2182540968219],[-74.6852215106545,39.2177918596991],[-74.6858455277249,39.2173868855498],[-74.6863089478635,39.2170929825099],[-74.6871027208898,39.2165911897164],[-74.6877037349601,39.2162112558661],[-74.6883782115486,39.2157847154387],[-74.6892729066082,39.2152183846451],[-74.6897591828226,39.2149029863692],[-74.6900115001612,39.2147273147735],[-74.6902775983523,39.2145446179574],[-74.6905619552105,39.214340337373],[-74.6908921936855,39.2140967163795],[-74.6912361376921,39.2138315727019],[-74.6915800761358,39.2135521228051],[-74.6917359783244,39.2134232005634],[-74.6920478513309,39.2131652463331],[-74.6924145568743,39.2128500348385],[-74.6927818502846,39.212519789026],[-74.6929005395901,39.2124130701226],[-74.6931893624381,39.2121444427784],[-74.6935193667881,39.2118221486239],[-74.6939180709693,39.2114174779338],[-74.6941884039631,39.2111274336483],[-74.6944312032333,39.2108624769024],[-74.6946969492884,39.2105616768299],[-74.6949488978768,39.2102752584875],[-74.6951870592114,39.2099816974711],[-74.6954572787876,39.2096416505902],[-74.6956770679755,39.2093552305341],[-74.6960524824375,39.2088469120372],[-74.6964599232653,39.2082956496674],[-74.6970597067566,39.2074938130346],[-74.6978883400418,39.2063876591672],[-74.6982866623079,39.2058793213508],[-74.6989416055315,39.2050916590356],[-74.6998669279381,39.2040532276176],[-74.7001630887964,39.2037426425984]]}},{"type":"Feature","id":347105,"properties":{"OBJECTID":347105,"PRIMENAME":"Garden State Parkway","ELEVTYP_F":0,"ELEVTYP_T":0},"geometry":{"type":"LineString","coordinates":[[-74.6456334474791,39.2591549953948],[-74.645645498539,39.2591427741483],[-74.6457669859876,39.2590195712847],[-74.646102080836,39.2586938383084],[-74.6464279362059,39.2583930751245],[-74.6466666061949,39.2581854454349],[-74.6470706733528,39.2578452077463],[-74.6474562626919,39.2575373091333],[-74.6479474710494,39.2571398745195],[-74.6482091589686,39.2569321574357],[-74.6490355296941,39.256273283392],[-74.649797558537,39.2556573744894],[-74.6508453886259,39.254820864129],[-74.6509727893151,39.2547191535003],[-74.6514134710423,39.2543611158439],[-74.6519505307805,39.2539242042299],[-74.6524875452529,39.2534694691371],[-74.6528960036485,39.2531114139407],[-74.6529747292985,39.2530414542332],[-74.6530934234361,39.252935977333],[-74.6534605484742,39.2526065837784],[-74.6538230717094,39.252273571106],[-74.654240648228,39.2518762068642],[-74.6546260825522,39.2515110369585],[-74.6548876040266,39.2512461114766],[-74.6551766835901,39.2509561345462],[-74.6554886370908,39.2506304058953],[-74.6556859564048,39.250415591656],[-74.6561492276152,39.2499323547785],[-74.6564794310414,39.2495601136196],[-74.6568371936729,39.2491484601801],[-74.6570435599489,39.24890864519],[-74.6574700774795,39.2483896491552],[-74.6578368672009,39.2479458550929],[-74.6581532781189,39.2475414754655],[-74.6585795770735,39.2469795322506],[-74.6589646510578,39.2464606419569],[-74.6594321227671,39.2457950154227],[-74.6598949458243,39.2451079500419],[-74.6602248743518,39.2446177134582],[-74.6605685190953,39.2441059866826],[-74.6608526376505,39.2436765748754],[-74.6609127688076,39.2435884341687],[-74.6611871078712,39.2431863021573],[-74.6615583271783,39.2426638251473],[-74.6618929721985,39.242223577524],[-74.6622505490209,39.2417762128602],[-74.662800790921,39.2411247621219],[-74.6632730775562,39.2406021381674],[-74.6635227075452,39.2403375824608],[-74.6636659475276,39.2401857737955],[-74.6639422098828,39.2399022083175],[-74.6640206593398,39.239821685493],[-74.664456465492,39.2394099260233],[-74.6648830418534,39.2390089131277],[-74.6656401076944,39.2383428514901],[-74.6665210766678,39.2376265794125],[-74.6674847994687,39.2368851413151],[-74.668017228674,39.2364741545166],[-74.6682713254204,39.2362780134349]]}},{"type":"Feature","id":347145,"properties":{"OBJECTID":347145,"PRIMENAME":"West Sherman Avenue","ELEVTYP_F":0,"ELEVTYP_T":0},"geometry":{"type":"LineString","coordinates":[[-74.6581165559857,39.1957282080125],[-74.6583590509303,39.1958565439616],[-74.6588825001946,39.1961575342976]]}},{"type":"Feature","id":347427,"properties":{"OBJECTID":347427,"PRIMENAME":"Sea Grape Lane","ELEVTYP_F":0,"ELEVTYP_T":0},"geometry":{"type":"LineString","coordinates":[[-74.7211098796068,39.2152818570398],[-74.7202972138437,39.2160086987564],[-74.7201699872236,39.2161224871886]]}},{"type":"Feature","id":348501,"properties":{"OBJECTID":348501,"PRIMENAME":"FR GSP SB TO GSP SB","ELEVTYP_F":0,"ELEVTYP_T":0},"geometry":{"type":"LineString","coordinates":[[-74.721670058182,39.1841738322913],[-74.7218034359824,39.1839782232582],[-74.7219147091697,39.183820429108],[-74.7219926488003,39.1837212959192],[-74.7220413671802,39.1836526693137],[-74.7220867452453,39.1835764153719],[-74.7221354582318,39.1834951031671],[-74.7221905556321,39.1833909344733],[-74.7222360040632,39.183314708262],[-74.7222878635532,39.1832130707373],[-74.722333211877,39.1831165263259],[-74.7223850391584,39.1830047571161],[-74.7224305111023,39.1829361365362],[-74.7224793203239,39.182874235206]]}},{"type":"Feature","id":349487,"properties":{"OBJECTID":349487,"PRIMENAME":"Garden State Parkway","ELEVTYP_F":0,"ELEVTYP_T":0},"geometry":{"type":"LineString","coordinates":[[-74.7201481836755,39.1835857504549],[-74.7198232348214,39.1839886168143],[-74.7191344299784,39.1848569406093],[-74.7185412161634,39.1855756017421],[-74.717919118163,39.1862793779516],[-74.7174596029746,39.1867698035133],[-74.7171436658012,39.187095544704],[-74.7168085090424,39.1874250277234],[-74.7163824078249,39.187840647188],[-74.7160807086765,39.1881177598518],[-74.7159035284607,39.1882825312358],[-74.7155491209937,39.1885971085997],[-74.7151180459463,39.188971629274],[-74.7144856847652,39.1894885293564],[-74.7138724637772,39.189979224289],[-74.7138427417915,39.1900030752946]]}},{"type":"Feature","id":349671,"properties":{"OBJECTID":349671,"PRIMENAME":"Shore Road","ELEVTYP_F":0,"ELEVTYP_T":0},"geometry":{"type":"LineString","coordinates":[[-74.7053190107872,39.2072115657317],[-74.7055188366474,39.2069576435213],[-74.7055778477207,39.2067526523041]]}},{"type":"Feature","id":349995,"properties":{"OBJECTID":349995,"PRIMENAME":"Shore Road","ELEVTYP_F":0,"ELEVTYP_T":0},"geometry":{"type":"LineString","coordinates":[[-74.7206184903412,39.1895934880163],[-74.7203493139437,39.1898176386246],[-74.7200563960933,39.190061559024],[-74.7196965534359,39.1903387619112],[-74.7193634813267,39.1905907079249],[-74.7191862661002,39.1907209976427],[-74.7188102922527,39.1909982019885],[-74.7184932778436,39.191241823153],[-74.7182732494909,39.1914600834722],[-74.7180747952513,39.1916950792328],[-74.7179515036061,39.1918754029578],[-74.7178551305626,39.1920432392982],[-74.7178304489455,39.1920928178271]]}},{"type":"Feature","id":350401,"properties":{"OBJECTID":350401,"PRIMENAME":"Argoe Drive","ELEVTYP_F":0,"ELEVTYP_T":0},"geometry":{"type":"LineString","coordinates":[[-74.7126737261818,39.1979938136655],[-74.7123610267488,39.1978011381156],[-74.712195410058,39.1976797759777],[-74.7119313716014,39.1975099656707],[-74.7116047032202,39.1973055071532],[-74.7111483099658,39.1970387343895],[-74.7110095731515,39.1969486231009],[-74.7108305407513,39.1968238231947],[-74.7105038683274,39.1966158744401],[-74.7100518708577,39.1963178160506],[-74.7096043972536,39.196044046845],[-74.7094823793317,39.1959680170057],[-74.7092150999713,39.1958014736329]]}},{"type":"Feature","id":351480,"properties":{"OBJECTID":351480,"PRIMENAME":"Shore Road","ELEVTYP_F":0,"ELEVTYP_T":0},"geometry":{"type":"LineString","coordinates":[[-74.7117526731778,39.1990509006518],[-74.7114969460689,39.199344995411],[-74.7111667181058,39.1997336590107],[-74.7109443336237,39.1999953936122],[-74.710886179434,39.2000702104004],[-74.7103703775549,39.2007338012393],[-74.709978695581,39.2012270158337],[-74.7098338772653,39.2014093711547],[-74.7094154666822,39.2019379382907],[-74.7090238679462,39.2024414693779],[-74.7085785255595,39.2030078365478],[-74.7081870077285,39.2035071090613],[-74.7080971204374,39.2036205484724],[-74.7078811539852,39.2038931026277],[-74.7077654725637,39.2040371305319],[-74.7073285500025,39.2045812091882],[-74.7060612374073,39.2061711289831]]}},{"type":"Feature","id":351518,"properties":{"OBJECTID":351518,"PRIMENAME":"Garden State Parkway","ELEVTYP_F":0,"ELEVTYP_T":0},"geometry":{"type":"LineString","coordinates":[[-74.6729101631253,39.2303892955029],[-74.6727718740266,39.2305661649778],[-74.6724604737125,39.2309477887948],[-74.672081951928,39.2313856343766],[-74.6717656264399,39.2317336284178],[-74.6713822404517,39.2321490455074],[-74.6709028872338,39.2326356072721],[-74.6707423786805,39.2327901897461]]}},{"type":"Feature","id":351597,"properties":{"OBJECTID":351597,"PRIMENAME":"Shore Road","ELEVTYP_F":0,"ELEVTYP_T":0},"geometry":{"type":"LineString","coordinates":[[-74.6867809730101,39.2279242102917],[-74.6866687653465,39.2280876222203],[-74.6866570028379,39.2281048333951],[-74.686447321102,39.2284116168857],[-74.686238075788,39.2287168102238],[-74.6858758478574,39.2292453106848],[-74.6855256743139,39.2297549274181],[-74.6853003093124,39.2300820005923],[-74.6850161636686,39.2304976605189],[-74.6848616142939,39.23072374369],[-74.6846844884585,39.2309910753633],[-74.6846331169343,39.231083961986]]}},{"type":"Feature","id":351687,"properties":{"OBJECTID":351687,"PRIMENAME":"Woodbine Oceanview Road","ELEVTYP_F":0,"ELEVTYP_T":0},"geometry":{"type":"LineString","coordinates":[[-74.7295310295909,39.1848347271733],[-74.7289073364791,39.1844017415041],[-74.7278356362244,39.1836557619768],[-74.7268316309416,39.1829555491043]]}},{"type":"Feature","id":352003,"properties":{"OBJECTID":352003,"PRIMENAME":"Shore Road","ELEVTYP_F":0,"ELEVTYP_T":0},"geometry":{"type":"LineString","coordinates":[[-74.6892460955296,39.2239004048381],[-74.6892230057294,39.2239389257985],[-74.6888730415846,39.224520820845],[-74.6886961636538,39.2248164931743],[-74.6882094723077,39.2256247734349],[-74.6881503941552,39.2257235511513]]}},{"type":"Feature","id":353457,"properties":{"OBJECTID":353457,"PRIMENAME":"Garden State Parkway","ELEVTYP_F":0,"ELEVTYP_T":0},"geometry":{"type":"LineString","coordinates":[[-74.7138427417915,39.1900030752946],[-74.7133263280557,39.1904174861843],[-74.7129382610202,39.1907283831743],[-74.7124688041543,39.1911141668541],[-74.7120520935127,39.1914886498581],[-74.7117696247304,39.1917769460194],[-74.7113723160591,39.192211166165],[-74.711065924404,39.1925368733029],[-74.71102685736,39.1925724306386],[-74.7101032086287,39.193413106404],[-74.709928893955,39.193568852365],[-74.7094661266593,39.1939823213993],[-74.7088002862752,39.1945665211375],[-74.7082829533469,39.1950308749175],[-74.7080577796982,39.1952181255394],[-74.7076455589118,39.1954916776206],[-74.707055948453,39.195885122121],[-74.7067060759327,39.1961361553943],[-74.7063705999301,39.1963759323137],[-74.7060495168133,39.1966268855763],[-74.7056710168473,39.1969377411704],[-74.7053069554819,39.1972635068045],[-74.7050434908838,39.1975031529482],[-74.7044303187965,39.1980573612734],[-74.7036446478069,39.1987575841048],[-74.7030410311308,39.1993042724804],[-74.7029698813135,39.1993677772966],[-74.7022984536434,39.1999670417277],[-74.701675694019,39.2005398956527],[-74.7010146434633,39.2011651732054],[-74.7007008152885,39.2014801933221]]}},{"type":"Feature","id":353572,"properties":{"OBJECTID":353572,"PRIMENAME":"South Shore Road","ELEVTYP_F":0,"ELEVTYP_T":0},"geometry":{"type":"LineString","coordinates":[[-74.6672018264657,39.2461962802608],[-74.6671750680914,39.2462348425215],[-74.6670580379477,39.2463810281276]]}},{"type":"Feature","id":354324,"properties":{"OBJECTID":354324,"PRIMENAME":"Shore Road","ELEVTYP_F":0,"ELEVTYP_T":0},"geometry":{"type":"LineString","coordinates":[[-74.7262231001243,39.1836874315059],[-74.7260703409456,39.1838652412499]]}},{"type":"Feature","id":354338,"properties":{"OBJECTID":354338,"PRIMENAME":"Shore Road","ELEVTYP_F":0,"ELEVTYP_T":0},"geometry":{"type":"LineString","coordinates":[[-74.6901003234043,39.2224431312966],[-74.690027268447,39.222580152339],[-74.689810148848,39.2229638932708],[-74.6896735727512,39.2231872071751],[-74.6892460955296,39.2239004048381]]}},{"type":"Feature","id":354601,"properties":{"OBJECTID":354601,"PRIMENAME":"Shore Road","ELEVTYP_F":0,"ELEVTYP_T":0},"geometry":{"type":"LineString","coordinates":[[-74.6870600071593,39.2275162507871],[-74.6870010192447,39.2276026611615],[-74.6868739296122,39.2277888323152],[-74.6867809730101,39.2279242102917]]}},{"type":"Feature","id":354968,"properties":{"OBJECTID":354968,"PRIMENAME":"Shore Road","ELEVTYP_F":0,"ELEVTYP_T":0},"geometry":{"type":"LineString","coordinates":[[-74.7224438829033,39.1878564741222],[-74.7223061058168,39.1880058937338],[-74.7221179456411,39.1882099493902],[-74.7218443082046,39.1884954246291],[-74.721664406942,39.1886659212248]]}},{"type":"Feature","id":355044,"properties":{"OBJECTID":355044,"PRIMENAME":"Shore Road","ELEVTYP_F":0,"ELEVTYP_T":0},"geometry":{"type":"LineString","coordinates":[[-74.7060612374073,39.2061711289831],[-74.7055778477207,39.2067526523041]]}},{"type":"Feature","id":355383,"properties":{"OBJECTID":355383,"PRIMENAME":"South Shore Road","ELEVTYP_F":0,"ELEVTYP_T":0},"geometry":{"type":"LineString","coordinates":[[-74.6666775498433,39.2468428820322],[-74.6664892600189,39.2470647042122],[-74.6660649665675,39.2475667063533],[-74.6657006195744,39.2480050584313],[-74.6656155412598,39.248106030554]]}},{"type":"Feature","id":355636,"properties":{"OBJECTID":355636,"PRIMENAME":"Cedar Lane","ELEVTYP_F":0,"ELEVTYP_T":0},"geometry":{"type":"LineString","coordinates":[[-74.6963462605235,39.2130979441837],[-74.6957102533249,39.2126718995545],[-74.6957025597106,39.2126656228735],[-74.6956942029105,39.2126598824],[-74.6956852409456,39.2126547221771],[-74.6956757457096,39.2126501781171],[-74.6956657833064,39.2126462861422],[-74.6956554267625,39.2126430731545],[-74.6956447560448,39.2126405633421],[-74.6956338453179,39.2126387763987],[-74.6956227791504,39.2126377256946],[-74.6956116386169,39.2126374173995],[-74.6956005036218,39.2126378531809],[-74.6955894575332,39.2126390310971],[-74.6955785837017,39.2126409429007],[-74.6955679608288,39.2126435740465],[-74.6955576652823,39.2126469036871],[-74.6955477769017,39.2126509100686],[-74.6955383673906,39.2126555606408],[-74.6955295061395,39.2126608237584],[-74.6955212578793,39.2126666578745],[-74.6955136827119,39.212673022351],[-74.6955068395586,39.2126798684442],[-74.6942755805356,39.2137145999903]]}},{"type":"Feature","id":357427,"properties":{"OBJECTID":357427,"PRIMENAME":"Shore Road","ELEVTYP_F":0,"ELEVTYP_T":0},"geometry":{"type":"LineString","coordinates":[[-74.7231651101004,39.1870853485165],[-74.7231535066821,39.1870977536199],[-74.7228959481563,39.1873663964013],[-74.7225203804908,39.187773513388],[-74.7224438829033,39.1878564741222]]}},{"type":"Feature","id":358441,"properties":{"OBJECTID":358441,"PRIMENAME":"Shore Road","ELEVTYP_F":0,"ELEVTYP_T":0},"geometry":{"type":"LineString","coordinates":[[-74.7260703409456,39.1838652412499],[-74.7259109720965,39.18405077836],[-74.7254121003509,39.1846131136979],[-74.7249990336562,39.1850789602672],[-74.7249500065275,39.1851321988142],[-74.7246395611699,39.1854693039075],[-74.7244983094067,39.1856318823561],[-74.7242748858804,39.1858890353737],[-74.724229633728,39.1859379693606]]}},{"type":"Feature","id":358493,"properties":{"OBJECTID":358493,"PRIMENAME":"Meghan Lane","ELEVTYP_F":0,"ELEVTYP_T":0},"geometry":{"type":"LineString","coordinates":[[-74.7291878893739,39.2014766675704],[-74.7295646055888,39.2016399837701],[-74.7300596736658,39.2018968327855],[-74.730205957383,39.2019752090545],[-74.730260449015,39.2020089015168],[-74.7302960887391,39.2020405998414],[-74.7304651319543,39.2022150316275],[-74.7307550298668,39.2025084211356],[-74.7308514237393,39.2026059750227],[-74.7309714951289,39.2026752750182],[-74.731315623752,39.2028738897831],[-74.7313284063888,39.2028814295953],[-74.7313410736322,39.2028890867435],[-74.7313854777941,39.2029182844733],[-74.7314275405331,39.2029495105319],[-74.731467109046,39.2029826514853],[-74.7315040395896,39.2030175869429],[-74.7315381980029,39.2030541899955],[-74.7315694601948,39.2030923276756],[-74.7315977125946,39.2031318614407],[-74.7316228525647,39.2031726476765],[-74.7316484713164,39.2032201614188],[-74.7316716480642,39.203268428275],[-74.7316923463367,39.2033173723021],[-74.731710533562,39.2033669164911],[-74.7317261811187,39.203416982889],[-74.7317392643815,39.2034674927205],[-74.7317497627593,39.203518366513],[-74.7317576597283,39.2035695242204],[-74.7317616577094,39.2036183180848],[-74.7317611288895,39.2036672092666],[-74.7317560760052,39.2037159438687],[-74.7317465252875,39.2037642688063],[-74.7317325263255,39.2038119331218],[-74.7317141518086,39.2038586892876],[-74.73169149715,39.203904294492],[-74.7316646799907,39.2039485118998],[-74.7309894688602,39.2050921638611]]}},{"type":"Feature","id":359546,"properties":{"OBJECTID":359546,"PRIMENAME":"Shore Road","ELEVTYP_F":0,"ELEVTYP_T":0},"geometry":{"type":"LineString","coordinates":[[-74.7268316309416,39.1829555491043],[-74.7265491440127,39.1833079389884],[-74.7262231001243,39.1836874315059]]}},{"type":"Feature","id":360318,"properties":{"OBJECTID":360318,"PRIMENAME":"Garden State Parkway","ELEVTYP_F":0,"ELEVTYP_T":0},"geometry":{"type":"LineString","coordinates":[[-74.7278543815724,39.1739594468216],[-74.7276239243948,39.1742493569006],[-74.7270787399927,39.1749306273109],[-74.7266866094221,39.1754247206445],[-74.726194024468,39.1760348237483],[-74.7256631828911,39.1766973608439],[-74.7253629677748,39.177070815278],[-74.7249206156161,39.1776243593567]]}},{"type":"Feature","id":360544,"properties":{"OBJECTID":360544,"PRIMENAME":"Shore Road","ELEVTYP_F":0,"ELEVTYP_T":0},"geometry":{"type":"LineString","coordinates":[[-74.6874577747425,39.2268773269022],[-74.6872924475051,39.2271534286022],[-74.6871944208905,39.2273067415778]]}},{"type":"Feature","id":362409,"properties":{"OBJECTID":362409,"PRIMENAME":"Willetts Road","ELEVTYP_F":0,"ELEVTYP_T":0},"geometry":{"type":"LineString","coordinates":[[-74.6738565082876,39.2446952245539],[-74.6742919274852,39.2443952074225]]}},{"type":"Feature","id":364303,"properties":{"OBJECTID":364303,"PRIMENAME":"Shore Road","ELEVTYP_F":0,"ELEVTYP_T":0},"geometry":{"type":"LineString","coordinates":[[-74.7041315600745,39.2085657483389],[-74.7039171516388,39.2088422252443],[-74.7036610574548,39.2091366147008],[-74.7035770116579,39.209299903166]]}},{"type":"Feature","id":364374,"properties":{"OBJECTID":364374,"PRIMENAME":"South Shore Road","ELEVTYP_F":0,"ELEVTYP_T":0},"geometry":{"type":"LineString","coordinates":[[-74.6724034863979,39.2404956546915],[-74.6718643152039,39.2408269542894],[-74.6714694804692,39.241084948548],[-74.6707531436881,39.2415875896819]]}},{"type":"Feature","id":370306,"properties":{"OBJECTID":370306,"PRIMENAME":"Shore Road","ELEVTYP_F":0,"ELEVTYP_T":0},"geometry":{"type":"LineString","coordinates":[[-74.6934275020326,39.2171119949801],[-74.6932332689722,39.2173210758648],[-74.6931807456167,39.2173882262273],[-74.6930560965983,39.2175475916525],[-74.6928792266656,39.2178076031529],[-74.6926128531912,39.2182022311977],[-74.6925734105717,39.2182606621281],[-74.6923480199433,39.2185920059939],[-74.6922085649898,39.2188016801942],[-74.6918012024327,39.2194029272478]]}},{"type":"Feature","id":370636,"properties":{"OBJECTID":370636,"PRIMENAME":"Shore Road","ELEVTYP_F":0,"ELEVTYP_T":0},"geometry":{"type":"LineString","coordinates":[[-74.6871944208905,39.2273067415778],[-74.6870672006518,39.2275057112429],[-74.6870600071593,39.2275162507871]]}},{"type":"Feature","id":370693,"properties":{"OBJECTID":370693,"PRIMENAME":"Shore Road","ELEVTYP_F":0,"ELEVTYP_T":0},"geometry":{"type":"LineString","coordinates":[[-74.729652068714,39.1793668709036],[-74.7294174779792,39.1796740335218],[-74.7293581294255,39.1797491269532]]}},{"type":"Feature","id":371409,"properties":{"OBJECTID":371409,"PRIMENAME":"Unnamed Segment","ELEVTYP_F":0,"ELEVTYP_T":0},"geometry":{"type":"LineString","coordinates":[[-74.7070200416971,39.206638896155],[-74.7069330633364,39.206572548535],[-74.7068167344691,39.2065102076104],[-74.7061202920318,39.206199278224],[-74.7060612374073,39.2061711289831]]}},{"type":"Feature","id":371410,"properties":{"OBJECTID":371410,"PRIMENAME":"Shore Road","ELEVTYP_F":0,"ELEVTYP_T":0},"geometry":{"type":"LineString","coordinates":[[-74.6918012024327,39.2194029272478],[-74.6917794391729,39.2194350605706],[-74.6915595130139,39.2197663938538],[-74.6913255347926,39.2201365467489],[-74.6909075392226,39.2209228151385],[-74.6906642132656,39.2213896041062]]}},{"type":"Feature","id":372100,"properties":{"OBJECTID":372100,"PRIMENAME":"South Shore Road","ELEVTYP_F":0,"ELEVTYP_T":0},"geometry":{"type":"LineString","coordinates":[[-74.6747487616998,39.2390366214215],[-74.67445626051,39.2392188270946],[-74.673374870536,39.2398922663755],[-74.6731815654546,39.2400129936923],[-74.6728380721414,39.2402275180058],[-74.6727311546171,39.2402942919044],[-74.6724034863979,39.2404956546915]]}},{"type":"Feature","id":372405,"properties":{"OBJECTID":372405,"PRIMENAME":"Lynnette Drive","ELEVTYP_F":0,"ELEVTYP_T":0},"geometry":{"type":"LineString","coordinates":[[-74.6620608752577,39.2462608792835],[-74.6621267113076,39.2462671853284],[-74.6621705560471,39.2462774207363],[-74.6622090460424,39.2462926604709],[-74.6622548664837,39.246317143272],[-74.6622955448468,39.2463469057586],[-74.662489356343,39.2465545418068],[-74.6632266334837,39.2473152020492]]}},{"type":"Feature","id":372407,"properties":{"OBJECTID":372407,"PRIMENAME":"Shore Road","ELEVTYP_F":0,"ELEVTYP_T":0},"geometry":{"type":"LineString","coordinates":[[-74.7055778477207,39.2067526523041],[-74.7054733196364,39.2068401237546],[-74.7052270799899,39.2071400755135]]}},{"type":"Feature","id":373292,"properties":{"OBJECTID":373292,"PRIMENAME":"Shore Road","ELEVTYP_F":0,"ELEVTYP_T":0},"geometry":{"type":"LineString","coordinates":[[-74.703340848343,39.2095201294118],[-74.7031214441756,39.2096916098648],[-74.7028580969162,39.2098554679169],[-74.7024836638254,39.2100786049598]]}},{"type":"Feature","id":373386,"properties":{"OBJECTID":373386,"PRIMENAME":"South Shore Road","ELEVTYP_F":0,"ELEVTYP_T":0},"geometry":{"type":"LineString","coordinates":[[-74.6699905920642,39.2421402942481],[-74.6698776846844,39.2422336216291],[-74.6697104280369,39.2423976754751],[-74.6695432359508,39.2425883898632],[-74.6694147025967,39.242762436529],[-74.6693979236457,39.2427890398378]]}},{"type":"Feature","id":373791,"properties":{"OBJECTID":373791,"PRIMENAME":"South Shore Road","ELEVTYP_F":0,"ELEVTYP_T":0},"geometry":{"type":"LineString","coordinates":[[-74.6670580379477,39.2463810281276],[-74.6669393879497,39.2465292752241],[-74.6667250540265,39.246786966399],[-74.6666775498433,39.2468428820322]]}},{"type":"Feature","id":374285,"properties":{"OBJECTID":374285,"PRIMENAME":"Shore Road","ELEVTYP_F":0,"ELEVTYP_T":0},"geometry":{"type":"LineString","coordinates":[[-74.7006336826417,39.2112081102328],[-74.7003742660692,39.2113680570686],[-74.7000678820018,39.2115697087202],[-74.6998152973978,39.2117628661412],[-74.6995520410251,39.2119769631035],[-74.6993206022857,39.2121724713221]]}},{"type":"Feature","id":376907,"properties":{"OBJECTID":376907,"PRIMENAME":"Shore Road","ELEVTYP_F":0,"ELEVTYP_T":0},"geometry":{"type":"LineString","coordinates":[[-74.6949257312488,39.2158360244953],[-74.6947859963794,39.2159526500975],[-74.6942055902554,39.2164312676436],[-74.6938026460024,39.216767083829],[-74.6935179132722,39.2170147010264],[-74.6934275020326,39.2171119949801]]}},{"type":"Feature","id":377860,"properties":{"OBJECTID":377860,"PRIMENAME":"Shore Road","ELEVTYP_F":0,"ELEVTYP_T":0},"geometry":{"type":"LineString","coordinates":[[-74.696010628725,39.2149297309714],[-74.6957961024766,39.2151088112238],[-74.6954771352291,39.2153756767035],[-74.6953394744861,39.2154908509606],[-74.6950998699515,39.215690758642]]}},{"type":"Feature","id":377873,"properties":{"OBJECTID":377873,"PRIMENAME":"Shore Road","ELEVTYP_F":0,"ELEVTYP_T":0},"geometry":{"type":"LineString","coordinates":[[-74.7035770116579,39.209299903166],[-74.7037297981565,39.2091959386106],[-74.70385084527,39.2090509280349]]}},{"type":"Feature","id":378297,"properties":{"OBJECTID":378297,"PRIMENAME":"Cessna Court","ELEVTYP_F":0,"ELEVTYP_T":0},"geometry":{"type":"LineString","coordinates":[[-74.7168091072488,39.2030280386006],[-74.7182112177707,39.2023082598107],[-74.7182685278313,39.2022826925717],[-74.7183294937983,39.2022628956892],[-74.7183931606069,39.2022491792915],[-74.7184585308845,39.2022417582523],[-74.7185245805742,39.2022407488259],[-74.7185902749763,39.2022461668253],[-74.7186545849567,39.2022579273749],[-74.7187165030675,39.2022758462399],[-74.7188042410806,39.2023123922365],[-74.7193445980247,39.2027203272352]]}},{"type":"Feature","id":378372,"properties":{"OBJECTID":378372,"PRIMENAME":"White Oak Drive","ELEVTYP_F":0,"ELEVTYP_T":0},"geometry":{"type":"LineString","coordinates":[[-74.6749742254507,39.2429106143356],[-74.6749760230758,39.2427673395958],[-74.6749846559777,39.2425612597285],[-74.6750105203221,39.2419428282545],[-74.67504193683,39.2417118107486],[-74.6750651877564,39.2415989057539],[-74.675096117923,39.2414487156784],[-74.6751095266216,39.2413172026628],[-74.675118274342,39.2411715014138],[-74.6751270743948,39.2410328841879],[-74.6751481651196,39.2409584342271],[-74.6751542709234,39.2409368799577],[-74.6751768776779,39.2408408826226],[-74.6751917672758,39.2408083781945],[-74.6752224252933,39.2407697550455],[-74.6753090649505,39.240694995629],[-74.6754504323221,39.2405775121555],[-74.6754578686156,39.2405720644602]]}},{"type":"Feature","id":378446,"properties":{"OBJECTID":378446,"PRIMENAME":"Willetts Road","ELEVTYP_F":0,"ELEVTYP_T":0},"geometry":{"type":"LineString","coordinates":[[-74.6742919274852,39.2443952074225],[-74.6745180613846,39.2442393509636],[-74.6746105605793,39.2441728123809],[-74.6747507331787,39.2440719797932],[-74.6748237113273,39.244011464429],[-74.6748692970106,39.2439686995043],[-74.674905764981,39.2439225170043],[-74.6749376239073,39.2438691194861],[-74.6749511298964,39.2437909281434],[-74.6749598075635,39.2435883362488],[-74.6749726682417,39.2432648975279],[-74.6749767913453,39.2430765617376],[-74.6749742254507,39.2429106143356]]}},{"type":"Feature","id":378687,"properties":{"OBJECTID":378687,"PRIMENAME":"Shore Road","ELEVTYP_F":0,"ELEVTYP_T":0},"geometry":{"type":"LineString","coordinates":[[-74.7024836638254,39.2100786049598],[-74.7024279331238,39.2101118172896],[-74.7022747513614,39.2102040826089],[-74.7018419729784,39.2104647556361],[-74.7017534845269,39.2105189038712],[-74.701519385321,39.210662155747],[-74.700651244524,39.2111972844194],[-74.7006336826417,39.2112081102328]]}},{"type":"Feature","id":378765,"properties":{"OBJECTID":378765,"PRIMENAME":"Shore Road","ELEVTYP_F":0,"ELEVTYP_T":0},"geometry":{"type":"LineString","coordinates":[[-74.6993206022857,39.2121724713221],[-74.6992887013526,39.2121994346378],[-74.6986278384125,39.2127368886396],[-74.6979239988536,39.2133330334784],[-74.6973706840457,39.2137906162581],[-74.6970213015156,39.2140845075304],[-74.6964948586448,39.2145248789157]]}},{"type":"Feature","id":379098,"properties":{"OBJECTID":379098,"PRIMENAME":"South Shore Road","ELEVTYP_F":0,"ELEVTYP_T":0},"geometry":{"type":"LineString","coordinates":[[-74.6689840227463,39.2434387032016],[-74.6688023598531,39.2437225181403],[-74.6685195615666,39.2441669110275]]}},{"type":"Feature","id":379099,"properties":{"OBJECTID":379099,"PRIMENAME":"Shore Road","ELEVTYP_F":0,"ELEVTYP_T":0},"geometry":{"type":"LineString","coordinates":[[-74.6881503941552,39.2257235511513],[-74.6880880977814,39.2258277408116],[-74.6878493075324,39.2262271098424]]}},{"type":"Feature","id":379129,"properties":{"OBJECTID":379129,"PRIMENAME":"Shore Road","ELEVTYP_F":0,"ELEVTYP_T":0},"geometry":{"type":"LineString","coordinates":[[-74.7052270799899,39.2071400755135],[-74.705223138641,39.207144875785],[-74.705021170352,39.2073908649197],[-74.7049103521693,39.2075373136012],[-74.7045865170794,39.2079652699506],[-74.7045475253574,39.2080168840325],[-74.704517950484,39.2080560329707]]}},{"type":"Feature","id":380134,"properties":{"OBJECTID":380134,"PRIMENAME":"Garden State Parkway","ELEVTYP_F":0,"ELEVTYP_T":0},"geometry":{"type":"LineString","coordinates":[[-74.6668392600656,39.2360215285975],[-74.6668120023523,39.2360423713636],[-74.6663139235701,39.2364286119445],[-74.6657087505113,39.2369034974302],[-74.6653154337767,39.2372217099149],[-74.6648597765167,39.2376072795388],[-74.6643514600094,39.2380639528548],[-74.6639630377242,39.2384269916173],[-74.6635698348004,39.2388012654975],[-74.6630520266056,39.2393289523332],[-74.6625918539272,39.2398191585236],[-74.6621699853916,39.2402943729117],[-74.6617146787423,39.2408331414071],[-74.661316948276,39.2413381932543],[-74.6609575865578,39.2418096096451],[-74.6605503590718,39.2423819700238],[-74.6601954659303,39.2429024440813],[-74.6601575748407,39.2429580150704],[-74.6597360638876,39.2435752290048],[-74.6592378844995,39.2443009201891],[-74.6588977892795,39.2447947090286],[-74.6585096780687,39.2453408407774],[-74.6581550467836,39.2457972781526],[-74.6577668000438,39.2462724313896],[-74.6573545530992,39.2467550835775],[-74.6569470012418,39.2472078268079],[-74.6562756685231,39.2479038369783],[-74.6557337183671,39.2484277881013],[-74.655565851093,39.2485923988393],[-74.6548512082653,39.2492772837435],[-74.6543475430178,39.2497488439014],[-74.6537335751031,39.2503289213811],[-74.6528701664588,39.2511335658642],[-74.6519664561732,39.2519455954701],[-74.6517955505574,39.2520991596247],[-74.6509607952376,39.2528476579698],[-74.6500060771562,39.2536897690822],[-74.6493295705886,39.2542885740419],[-74.6486434887458,39.2548911490862],[-74.6477078701034,39.2557219870316],[-74.6473384412433,39.2560513372929],[-74.6467627743366,39.2566088957575],[-74.6464078159154,39.2569718606951],[-74.6459137686807,39.2575031459826],[-74.6454916188481,39.2579893233068],[-74.6453095456782,39.2581990077422],[-74.6451024011,39.2584535742975],[-74.6449595132034,39.2586292311275],[-74.6448479305038,39.2587764089038]]}},{"type":"Feature","id":380257,"properties":{"OBJECTID":380257,"PRIMENAME":"Shore Road","ELEVTYP_F":0,"ELEVTYP_T":0},"geometry":{"type":"LineString","coordinates":[[-74.724229633728,39.1859379693606],[-74.724129935337,39.1860458010889],[-74.7241281461442,39.1860477350205],[-74.7235880834482,39.1866318454321],[-74.7231651101004,39.1870853485165]]}},{"type":"Feature","id":380588,"properties":{"OBJECTID":380588,"PRIMENAME":"Garden State Parkway","ELEVTYP_F":0,"ELEVTYP_T":0},"geometry":{"type":"LineString","coordinates":[[-74.7249206156161,39.1776243593567],[-74.7248386860518,39.1777268831355],[-74.7247879822666,39.1777903250843],[-74.7243623314152,39.1783255522878],[-74.7239950108606,39.1787825668653],[-74.7239894240909,39.1787895194501],[-74.7238027737539,39.1790217434727],[-74.7236306346753,39.1792388512313],[-74.7231379846057,39.1798564370525],[-74.7224300686373,39.1807360202612],[-74.7217844042989,39.1815482367765],[-74.721176943875,39.1823080430418],[-74.7210953092465,39.1824095248931],[-74.7210857464011,39.1824214151542],[-74.7205024731172,39.1831464744166],[-74.7201481836755,39.1835857504549]]}},{"type":"Feature","id":380613,"properties":{"OBJECTID":380613,"PRIMENAME":"Shore Road","ELEVTYP_F":0,"ELEVTYP_T":0},"geometry":{"type":"LineString","coordinates":[[-74.6796666369924,39.2361022199492],[-74.6795243038609,39.236153098377],[-74.6793182280195,39.2362402358194],[-74.6791250196407,39.2363341075174],[-74.6789189931032,39.2364547414654],[-74.6786830490975,39.236598788424],[-74.6781715842793,39.2369168957758]]}},{"type":"Feature","id":380914,"properties":{"OBJECTID":380914,"PRIMENAME":"South Shore Road","ELEVTYP_F":0,"ELEVTYP_T":0},"geometry":{"type":"LineString","coordinates":[[-74.6685195615666,39.2441669110275],[-74.6684213074629,39.2443213080439],[-74.6681986481194,39.2446658888982],[-74.6678945514598,39.245140981406],[-74.6677004352611,39.2454462719946],[-74.6675776536126,39.2456393751707],[-74.6673763163716,39.2459404588149],[-74.6672864829936,39.2460742768569],[-74.6672018264657,39.2461962802608]]}},{"type":"Feature","id":381710,"properties":{"OBJECTID":381710,"PRIMENAME":"Shore Road","ELEVTYP_F":0,"ELEVTYP_T":0},"geometry":{"type":"LineString","coordinates":[[-74.7293581294255,39.1797491269532],[-74.7291654252923,39.1799929543799],[-74.7288077881974,39.1804474056553],[-74.7284257102241,39.1809329059899],[-74.7281453687805,39.18128915933],[-74.7280129450504,39.1814574397579],[-74.7278800003864,39.1816287595695]]}},{"type":"Feature","id":381797,"properties":{"OBJECTID":381797,"PRIMENAME":"Garden State Parkway","ELEVTYP_F":0,"ELEVTYP_T":0},"geometry":{"type":"LineString","coordinates":[[-74.7007008152885,39.2014801933221],[-74.7005596520686,39.2016218888433],[-74.7001620982894,39.2020261692068],[-74.6997886084075,39.2024304627779],[-74.6993672180617,39.2028945839536],[-74.6988980066275,39.2034223488951],[-74.6985102462568,39.2038901434359],[-74.6978066074498,39.2047658596941],[-74.6974428659127,39.2052336377295],[-74.6967392421609,39.2061242840404],[-74.6963946029437,39.2065620980892],[-74.6953989255998,39.2078157482353],[-74.694886599249,39.2084220152029],[-74.6943790068699,39.2089946637193],[-74.6939862734153,39.2094213749648],[-74.6934977133461,39.2099379200814],[-74.692961182109,39.2104806820143],[-74.6925107811499,39.2109149524904],[-74.691792038524,39.2115851100704],[-74.6912888185217,39.2120306654392],[-74.6909437769995,39.2123302148064],[-74.6902870986934,39.212873161097],[-74.6896543112416,39.2133787225854],[-74.6891317440207,39.213779434108],[-74.6887721580619,39.214045365338],[-74.6883022841696,39.2143824790962],[-74.6878707189024,39.2146858939311],[-74.6876213519307,39.2148582068533],[-74.687127450168,39.2152028224213],[-74.6863793902951,39.2157272216877],[-74.6858710589967,39.2160793237629],[-74.6850366603111,39.2166636546366],[-74.6841111443181,39.2173153948787],[-74.6834589932243,39.2177910517205],[-74.6833562750071,39.2178716909668],[-74.6828404811442,39.2182703869307],[-74.6823562399378,39.2186560709484],[-74.6820545799349,39.2189129119897],[-74.6818241255947,39.2191091251197],[-74.6813591772432,39.2195209421589],[-74.6808702809601,39.2199701636564],[-74.6806498042831,39.220176050976],[-74.6800650953445,39.2207487286702],[-74.6794613613882,39.2213812622396],[-74.6790349332391,39.2218490502645],[-74.6785750191928,39.2223804244877],[-74.6782253391075,39.2227995478653],[-74.677846972174,39.2232672858233],[-74.6774734235859,39.2237574197205],[-74.6769946198285,39.2244233579743],[-74.6765829587634,39.2250368848453],[-74.6760659465976,39.2258038105259],[-74.6757691921088,39.2262527187114],[-74.6750223877832,39.2273637786926],[-74.674797402729,39.2277042030541],[-74.6743138581544,39.2284299385439],[-74.6739021064774,39.229039722653],[-74.6735238626632,39.2295821850211],[-74.6733800026366,39.2297748406598],[-74.6731550955249,39.2300760313997],[-74.6729101631253,39.2303892955029]]}},{"type":"Feature","id":381983,"properties":{"OBJECTID":381983,"PRIMENAME":"Sea Sounds Avenue","ELEVTYP_F":0,"ELEVTYP_T":0},"geometry":{"type":"LineString","coordinates":[[-74.6628806082644,39.2427355684807],[-74.6629811003154,39.242613326183],[-74.6631920815195,39.2423556184841]]}},{"type":"Feature","id":382339,"properties":{"OBJECTID":382339,"PRIMENAME":"Shore Road","ELEVTYP_F":0,"ELEVTYP_T":0},"geometry":{"type":"LineString","coordinates":[[-74.7035770116579,39.209299903166],[-74.7035697428691,39.2093125464323],[-74.7033900936359,39.2094816409827],[-74.703340848343,39.2095201294118]]}},{"type":"Feature","id":383166,"properties":{"OBJECTID":383166,"PRIMENAME":"Cedar Lane","ELEVTYP_F":0,"ELEVTYP_T":0},"geometry":{"type":"LineString","coordinates":[[-74.6942755805356,39.2137145999903],[-74.693700402069,39.2142022949598],[-74.6932101117378,39.2146157934656]]}},{"type":"Feature","id":384264,"properties":{"OBJECTID":384264,"PRIMENAME":"Shore Road","ELEVTYP_F":0,"ELEVTYP_T":0},"geometry":{"type":"LineString","coordinates":[[-74.6906642132656,39.2213896041062],[-74.6905780714758,39.2215549014753],[-74.6904211614075,39.2218411536398],[-74.6901003234043,39.2224431312966]]}},{"type":"Feature","id":384435,"properties":{"OBJECTID":384435,"PRIMENAME":"Garden State Parkway","ELEVTYP_F":1,"ELEVTYP_T":0},"geometry":{"type":"LineString","coordinates":[[-74.7297590402975,39.1715977897047],[-74.7293645034464,39.172067185268],[-74.7288815239795,39.172666106244],[-74.7288010252556,39.1727673544886],[-74.7284559696574,39.1732013477199],[-74.7282081645352,39.1735142030881],[-74.7281594914672,39.1735756544193],[-74.7278543815724,39.1739594468216]]}},{"type":"Feature","id":384915,"properties":{"OBJECTID":384915,"PRIMENAME":"Shore Road","ELEVTYP_F":0,"ELEVTYP_T":0},"geometry":{"type":"LineString","coordinates":[[-74.704517950484,39.2080560329707],[-74.7043605583148,39.2082643752628],[-74.7041784022948,39.2085046988395]]}},{"type":"Feature","id":385118,"properties":{"OBJECTID":385118,"PRIMENAME":"South Shore Road","ELEVTYP_F":0,"ELEVTYP_T":0},"geometry":{"type":"LineString","coordinates":[[-74.6707531436881,39.2415875896819],[-74.67053406798,39.2417413701777],[-74.6700235411622,39.2421130636934],[-74.6699905920642,39.2421402942481]]}},{"type":"Feature","id":385412,"properties":{"OBJECTID":385412,"PRIMENAME":"Shore Road","ELEVTYP_F":0,"ELEVTYP_T":0},"geometry":{"type":"LineString","coordinates":[[-74.7139255101865,39.1967103562934],[-74.7137617122308,39.1968396527223],[-74.7135306965819,39.1970411469363],[-74.7133482435176,39.1972215749569],[-74.7131872213281,39.1974062460386],[-74.7130062052525,39.1976134319499],[-74.712967222785,39.1976580494363],[-74.7126737261818,39.1979938136655]]}},{"type":"Feature","id":385902,"properties":{"OBJECTID":385902,"PRIMENAME":"Black Oak Drive","ELEVTYP_F":0,"ELEVTYP_T":0},"geometry":{"type":"LineString","coordinates":[[-74.6782945412683,39.2429079400233],[-74.6780012717439,39.2426632771552],[-74.6766410353918,39.2415423462615],[-74.6759537717103,39.2409787452748],[-74.6754578686156,39.2405720644602]]}},{"type":"Feature","id":386774,"properties":{"OBJECTID":386774,"PRIMENAME":"South Shore Road","ELEVTYP_F":0,"ELEVTYP_T":0},"geometry":{"type":"LineString","coordinates":[[-74.6768227187329,39.2377510180827],[-74.6766448699213,39.2378619393226],[-74.6763269235591,39.2380592078111]]}},{"type":"Feature","id":387789,"properties":{"OBJECTID":387789,"PRIMENAME":"Shore Road","ELEVTYP_F":0,"ELEVTYP_T":0},"geometry":{"type":"LineString","coordinates":[[-74.6812168479924,39.2357027586477],[-74.6809802012375,39.2357629830065],[-74.6805979658833,39.2358572606051],[-74.6803273634789,39.2359211891376],[-74.6801170024666,39.2359748913875],[-74.679906455772,39.2360254091169],[-74.6797218414536,39.2360825030376],[-74.6796666369924,39.2361022199492]]}},{"type":"Feature","id":391094,"properties":{"OBJECTID":391094,"PRIMENAME":"Shore Road","ELEVTYP_F":0,"ELEVTYP_T":0},"geometry":{"type":"LineString","coordinates":[[-74.721664406942,39.1886659212248],[-74.7214899917091,39.1888312453262],[-74.7212645298356,39.1890327724742],[-74.7210444961137,39.1892218501549],[-74.7206362905889,39.1895786653059],[-74.7206184903412,39.1895934880163]]}},{"type":"Feature","id":392539,"properties":{"OBJECTID":392539,"PRIMENAME":"Fairway Court North","ELEVTYP_F":0,"ELEVTYP_T":0},"geometry":{"type":"LineString","coordinates":[[-74.7269799463744,39.1797188132745],[-74.7269112471164,39.1798073839709],[-74.7262330111813,39.1806817733547],[-74.7261388019393,39.1807984316318]]}},{"type":"Feature","id":392848,"properties":{"OBJECTID":392848,"PRIMENAME":"Shore Road","ELEVTYP_F":0,"ELEVTYP_T":0},"geometry":{"type":"LineString","coordinates":[[-74.7126737261818,39.1979938136655],[-74.7125198881251,39.1981697947614],[-74.7123179454588,39.19840080516],[-74.7117526731778,39.1990509006518]]}},{"type":"Feature","id":394341,"properties":{"OBJECTID":394341,"PRIMENAME":"Shore Road","ELEVTYP_F":0,"ELEVTYP_T":0},"geometry":{"type":"LineString","coordinates":[[-74.70385084527,39.2090509280349],[-74.7040435785829,39.2088080659376],[-74.704206026873,39.2086072254656],[-74.7042124214441,39.2086010435573]]}},{"type":"Feature","id":397306,"properties":{"OBJECTID":397306,"PRIMENAME":"White Oak Drive","ELEVTYP_F":0,"ELEVTYP_T":0},"geometry":{"type":"LineString","coordinates":[[-74.6754578686156,39.2405720644602],[-74.6758838007462,39.2402605510131],[-74.6760525655669,39.2401288031622]]}},{"type":"Feature","id":399437,"properties":{"OBJECTID":399437,"PRIMENAME":"Shore Road","ELEVTYP_F":0,"ELEVTYP_T":0},"geometry":{"type":"LineString","coordinates":[[-74.7042124214441,39.2086010435573],[-74.7042305271528,39.2085769046519],[-74.7046870474013,39.2080194036356],[-74.7050182943763,39.2075940463812],[-74.7050235766237,39.2075872637281]]}},{"type":"Feature","id":399603,"properties":{"OBJECTID":399603,"PRIMENAME":"Shore Road","ELEVTYP_F":0,"ELEVTYP_T":0},"geometry":{"type":"LineString","coordinates":[[-74.6781715842793,39.2369168957758],[-74.6779450202437,39.2370578235295],[-74.677327108352,39.2374364406905],[-74.6768227187329,39.2377510180827]]}},{"type":"Feature","id":399827,"properties":{"OBJECTID":399827,"PRIMENAME":"Shore Road","ELEVTYP_F":0,"ELEVTYP_T":0},"geometry":{"type":"LineString","coordinates":[[-74.7050235766237,39.2075872637281],[-74.7050391177236,39.2075673297872],[-74.7053190107872,39.2072115657317]]}},{"type":"Feature","id":399848,"properties":{"OBJECTID":399848,"PRIMENAME":"Shore Road","ELEVTYP_F":0,"ELEVTYP_T":0},"geometry":{"type":"LineString","coordinates":[[-74.7041784022948,39.2085046988395],[-74.7041569418367,39.2085343314849],[-74.7041443744051,39.2085516846157],[-74.7041315600745,39.2085657483389]]}},{"type":"Feature","id":400020,"properties":{"OBJECTID":400020,"PRIMENAME":"Garden State Parkway","ELEVTYP_F":0,"ELEVTYP_T":0},"geometry":{"type":"LineString","coordinates":[[-74.6707423786805,39.2327901897461],[-74.6703898989925,39.2331296561786],[-74.6700446836093,39.233451548369],[-74.6695699527689,39.2338708275359],[-74.6690616308852,39.2343013282786],[-74.6686731272111,39.2346120764681],[-74.6684045347802,39.2348254785885],[-74.6675171028685,39.2355031965421],[-74.6668392600656,39.2360215285975]]}},{"type":"Feature","id":400080,"properties":{"OBJECTID":400080,"PRIMENAME":"Shore Road","ELEVTYP_F":0,"ELEVTYP_T":0},"geometry":{"type":"LineString","coordinates":[[-74.6950998699515,39.215690758642],[-74.6949257312488,39.2158360244953]]}},{"type":"Feature","id":400128,"properties":{"OBJECTID":400128,"PRIMENAME":"Shore Road","ELEVTYP_F":0,"ELEVTYP_T":0},"geometry":{"type":"LineString","coordinates":[[-74.6964948586448,39.2145248789157],[-74.696183179625,39.2147855912897],[-74.696010628725,39.2149297309714]]}},{"type":"Feature","id":400273,"properties":{"OBJECTID":400273,"PRIMENAME":"Shore Road","ELEVTYP_F":0,"ELEVTYP_T":0},"geometry":{"type":"LineString","coordinates":[[-74.7178304489455,39.1920928178271],[-74.7177695310848,39.192215173133],[-74.717603856216,39.1926344562441],[-74.7173848405609,39.1931836857806],[-74.7172460262451,39.1935610176968],[-74.7171986111207,39.1936784046205],[-74.7171230070235,39.1938545478175],[-74.7170427126869,39.1939971472286],[-74.7169034877978,39.1942194549084],[-74.7167370862279,39.1944166896096],[-74.7165439497807,39.1946181473229],[-74.7162754355668,39.1948406674264],[-74.7156147540922,39.1953655611697],[-74.7154517268052,39.1954953621386],[-74.7150405677142,39.1958227199683],[-74.7150239776932,39.1958359279852],[-74.7143525182961,39.1963735199312],[-74.7139255101865,39.1967103562934]]}},{"type":"Feature","id":400536,"properties":{"OBJECTID":400536,"PRIMENAME":"Shore Road","ELEVTYP_F":0,"ELEVTYP_T":0},"geometry":{"type":"LineString","coordinates":[[-74.6878493075324,39.2262271098424],[-74.687831419015,39.2262570128974],[-74.6876182867124,39.2266093041432],[-74.6874577747425,39.2268773269022]]}},{"type":"Feature","id":400569,"properties":{"OBJECTID":400569,"PRIMENAME":"Cedar Lane","ELEVTYP_F":0,"ELEVTYP_T":0},"geometry":{"type":"LineString","coordinates":[[-74.6932101117378,39.2146157934656],[-74.6923766941809,39.2153239261465]]}},{"type":"Feature","id":401193,"properties":{"OBJECTID":401193,"PRIMENAME":"Shore Road","ELEVTYP_F":0,"ELEVTYP_T":0},"geometry":{"type":"LineString","coordinates":[[-74.7278800003864,39.1816287595695],[-74.7277394670833,39.1818098699284],[-74.7274499394316,39.1821749343629],[-74.7269191628927,39.1828463451166],[-74.7268316309416,39.1829555491043]]}},{"type":"Feature","id":401210,"properties":{"OBJECTID":401210,"PRIMENAME":"Shore Road","ELEVTYP_F":0,"ELEVTYP_T":0},"geometry":{"type":"LineString","coordinates":[[-74.6846331169343,39.231083961986],[-74.6844915475093,39.2313403081311],[-74.6843911068574,39.2315697911414],[-74.6842451484461,39.2319711458],[-74.6840701127372,39.2324460493109],[-74.6838866268748,39.2329443603785],[-74.6836861206233,39.233482701947],[-74.6835921214063,39.2336934755353],[-74.6835107989206,39.2338506865342],[-74.6833953683611,39.2340613838127],[-74.6832327051373,39.2343157022215],[-74.6830743583526,39.2345332210801],[-74.6829585845131,39.2346804641015],[-74.6827528815004,39.2348946247303],[-74.6825770947546,39.2350452837625],[-74.682435546619,39.2351525338464],[-74.6822768318001,39.2352563514419],[-74.6820707779202,39.2353769919239],[-74.6818390384127,39.2354909997074],[-74.6816158090572,39.2355782499741],[-74.6813366343752,39.2356722593567],[-74.6812168479924,39.2357027586477]]}},{"type":"Feature","id":401315,"properties":{"OBJECTID":401315,"PRIMENAME":"Sea Sounds Avenue","ELEVTYP_F":0,"ELEVTYP_T":0},"geometry":{"type":"LineString","coordinates":[[-74.6625999112982,39.2430649265479],[-74.6628041651125,39.2428285092016],[-74.6628806082644,39.2427355684807]]}},{"type":"Feature","id":401449,"properties":{"OBJECTID":401449,"PRIMENAME":"South Shore Road","ELEVTYP_F":0,"ELEVTYP_T":0},"geometry":{"type":"LineString","coordinates":[[-74.6763269235591,39.2380592078111],[-74.6759753798606,39.2382773929651],[-74.675772754571,39.2384020807122],[-74.6753273784483,39.2386761441784],[-74.6747487616998,39.2390366214215]]}},{"type":"Feature","id":401497,"properties":{"OBJECTID":401497,"PRIMENAME":"South Shore Road","ELEVTYP_F":0,"ELEVTYP_T":0},"geometry":{"type":"LineString","coordinates":[[-74.6693979236457,39.2427890398378],[-74.6692820538048,39.242973144585],[-74.6690892774131,39.2432741909491],[-74.6689840227463,39.2434387032016]]}},{"type":"Feature","id":404277,"properties":{"OBJECTID":404277,"PRIMENAME":"Unnamed Segment","ELEVTYP_F":0,"ELEVTYP_T":0},"geometry":{"type":"LineString","coordinates":[[-74.7006336826417,39.2112081102328],[-74.7007130788404,39.2112684499036],[-74.7007190332872,39.2112742419015],[-74.7009265849842,39.2114761523549],[-74.7009527384862,39.2115066269823],[-74.7009734983723,39.2115395183367],[-74.7009885021082,39.2115742520416],[-74.700997487677,39.2116102215471],[-74.7010002981557,39.2116467987218],[-74.7009968844553,39.2116833448216],[-74.7009873061796,39.2117192216441],[-74.7009717305845,39.2117538026735],[-74.7007782602514,39.2121066884189],[-74.7007631747899,39.2121419979701],[-74.7007557281343,39.2121787529751],[-74.7007561214762,39.2122159604559],[-74.7007643442015,39.2122526152088],[-74.7007801741751,39.2122877269611],[-74.7008031837413,39.2123203471246],[-74.7008327512764,39.2123495944234],[-74.7008680779815,39.212374678703],[-74.70125570836,39.2126075259339]]}},{"type":"Feature","id":404278,"properties":{"OBJECTID":404278,"PRIMENAME":"Unnamed Segment","ELEVTYP_F":0,"ELEVTYP_T":0},"geometry":{"type":"LineString","coordinates":[[-74.705842972997,39.2153602512917],[-74.7059045758119,39.215296773469],[-74.7063084093988,39.2148806506761],[-74.7063180947266,39.2148683138296],[-74.7063244928094,39.2148547420868],[-74.7063273567384,39.2148404591999],[-74.7063265759929,39.2148260163647],[-74.706322180705,39.2148119709491],[-74.7063143404968,39.214798864984],[-74.7063033579336,39.2147872042452],[-74.7062896568478,39.2147774387354],[-74.7059321573652,39.2145689306964],[-74.7059148125962,39.2145607338727],[-74.7058957559233,39.2145553045951],[-74.7058757085578,39.2145528483379],[-74.7058554292044,39.2145534580597],[-74.7058356853473,39.2145571106852],[-74.7058172242048,39.2145636679786],[-74.7058007444505,39.2145728817751],[-74.7057868697719,39.2145844033728],[-74.7053924312881,39.2149835748949],[-74.7053256696642,39.2150511369027]]}},{"type":"Feature","id":404279,"properties":{"OBJECTID":404279,"PRIMENAME":"Unnamed Segment","ELEVTYP_F":0,"ELEVTYP_T":0},"geometry":{"type":"LineString","coordinates":[[-74.7048250597347,39.2147514829037],[-74.7048893010821,39.2146852885692],[-74.7052852436451,39.2142773023467],[-74.7052958998349,39.2142637294635],[-74.7053029394481,39.2142487978714],[-74.7053060908186,39.2142330838011],[-74.7053052323334,39.2142171936798],[-74.7053003971253,39.2142017407284],[-74.7052917717938,39.2141873212963],[-74.7052796892035,39.2141744918478],[-74.7052646156386,39.2141637474876],[-74.7049246608708,39.2139654658819],[-74.7049051116717,39.2139562426879],[-74.7048836250218,39.2139501637529],[-74.704861026711,39.2139474627067],[-74.7048381852529,39.2139482433576],[-74.704815978506,39.2139524757034],[-74.7047952599351,39.2139599970835],[-74.7047768258113,39.2139705184312],[-74.7047613846089,39.2139836353824],[-74.7043669436499,39.2143828034801],[-74.704308949749,39.2144414925593]]}},{"type":"Feature","id":404280,"properties":{"OBJECTID":404280,"PRIMENAME":"Unnamed Segment","ELEVTYP_F":0,"ELEVTYP_T":0},"geometry":{"type":"LineString","coordinates":[[-74.7038094811522,39.214141492542],[-74.7038753219566,39.2140736501425],[-74.704271266983,39.2136656673168],[-74.7042819232765,39.2136520945247],[-74.7042889630442,39.2136371629919],[-74.7042921146141,39.2136214489469],[-74.7042912563655,39.2136055588158],[-74.704286421422,39.2135901058199],[-74.7042777963729,39.2135756863105],[-74.704265714072,39.2135628567548],[-74.7042506407922,39.2135521122615],[-74.7039106918201,39.2133538276607],[-74.7038911429229,39.2133446042947],[-74.7038696565462,39.2133385251713],[-74.7038470584695,39.2133358239275],[-74.7038242171975,39.2133366043793],[-74.7038020105814,39.2133408365318],[-74.703781292081,39.2133483577322],[-74.7037628579647,39.2133588789205],[-74.7037474167065,39.2133719957389],[-74.7033529733985,39.2137711604516],[-74.7032933603702,39.2138314859659]]}},{"type":"Feature","id":404281,"properties":{"OBJECTID":404281,"PRIMENAME":"Unnamed Segment","ELEVTYP_F":0,"ELEVTYP_T":0},"geometry":{"type":"LineString","coordinates":[[-74.7027915282315,39.2135300569511],[-74.7028575691887,39.2134620093813],[-74.7032535167002,39.2130540299654],[-74.7032641730981,39.2130404572646],[-74.7032712130211,39.2130255257914],[-74.7032743647912,39.2130098117717],[-74.70327350678,39.2129939216308],[-74.7032686721019,39.2129784685904],[-74.703260047336,39.2129640490033],[-74.7032479653251,39.21295121934],[-74.7032328923311,39.2129404747131],[-74.7028929491651,39.2127421871063],[-74.7028734005702,39.2127329635678],[-74.7028519144671,39.2127268842553],[-74.7028293166247,39.2127241828131],[-74.7028064755387,39.212724963065],[-74.7027842690531,39.2127291950236],[-74.7027635506228,39.2127367160436],[-74.7027451165135,39.2127472370719],[-74.7027296751988,39.212760353757],[-74.7023352295206,39.2131595150719],[-74.7022754140754,39.2132200449122]]}},{"type":"Feature","id":404282,"properties":{"OBJECTID":404282,"PRIMENAME":"Unnamed Segment","ELEVTYP_F":0,"ELEVTYP_T":0},"geometry":{"type":"LineString","coordinates":[[-74.7017718263196,39.2129175515327],[-74.7018389853125,39.2128483522347],[-74.7022349353022,39.2124403762311],[-74.7022455918043,39.2124268036219],[-74.7022526318826,39.2124118722082],[-74.702255783853,39.2123961582139],[-74.7022549260794,39.2123802680632],[-74.7022500916671,39.2123648149782],[-74.7022414671848,39.2123503953135],[-74.7022293854645,39.2123375655423],[-74.7022143127566,39.2123268207818],[-74.7018743754088,39.2121285301666],[-74.7018548271169,39.2121193064554],[-74.701833341288,39.2121132269537],[-74.7018107436806,39.212110525313],[-74.7017879027813,39.2121113053648],[-74.7017656964268,39.2121155371294],[-74.7017449780672,39.2121230579688],[-74.7017265439652,39.2121335788371],[-74.7017111025943,39.2121466953886],[-74.7013166545527,39.212545853303],[-74.70125570836,39.2126075259339]]}},{"type":"Feature","id":404283,"properties":{"OBJECTID":404283,"PRIMENAME":"Unnamed Segment","ELEVTYP_F":0,"ELEVTYP_T":0},"geometry":{"type":"LineString","coordinates":[[-74.705842972997,39.2153602512917],[-74.7060733990095,39.2154979403953],[-74.7061003041542,39.2155125217896],[-74.7061288747859,39.2155250400077],[-74.7061588502903,39.2155353808609],[-74.7061899572378,39.2155434500224],[-74.7062219118776,39.215549173887],[-74.7062544227264,39.2155525002426],[-74.7062871932268,39.215553398747],[-74.7063199244532,39.2155518612044],[-74.7063523178379,39.2155479016397],[-74.7063840778954,39.2155415561713],[-74.706414914917,39.2155328826814],[-74.7064445476145,39.2155219602876],[-74.7064727056853,39.2155088886216],[-74.7064991322786,39.2154937869204],[-74.7065235863382,39.2154767929382],[-74.7065458448012,39.2154580616902],[-74.7067831236758,39.2152381857139],[-74.7068005103448,39.2152234653884],[-74.7068195190001,39.2152100130828],[-74.7068399974313,39.2151979365147],[-74.7068617816595,39.2151873323856],[-74.70688469725,39.2151782856065],[-74.7069085607091,39.2151708686183],[-74.7069331809532,39.2151651408115],[-74.7069583608394,39.2151611480505],[-74.7071720296995,39.2151349495452],[-74.7071923258005,39.2151324604865],[-74.7072927355157,39.2151201485667]]}},{"type":"Feature","id":404284,"properties":{"OBJECTID":404284,"PRIMENAME":"Unnamed Segment","ELEVTYP_F":0,"ELEVTYP_T":0},"geometry":{"type":"LineString","coordinates":[[-74.7053256696642,39.2150511369027],[-74.705842972997,39.2153602512917]]}},{"type":"Feature","id":404285,"properties":{"OBJECTID":404285,"PRIMENAME":"Unnamed Segment","ELEVTYP_F":0,"ELEVTYP_T":0},"geometry":{"type":"LineString","coordinates":[[-74.7048250597347,39.2147514829037],[-74.7049918223471,39.2148516439547],[-74.7053256696642,39.2150511369027]]}},{"type":"Feature","id":404286,"properties":{"OBJECTID":404286,"PRIMENAME":"Unnamed Segment","ELEVTYP_F":0,"ELEVTYP_T":0},"geometry":{"type":"LineString","coordinates":[[-74.704308949749,39.2144414925593],[-74.7048250597347,39.2147514829037]]}},{"type":"Feature","id":404287,"properties":{"OBJECTID":404287,"PRIMENAME":"Unnamed Segment","ELEVTYP_F":0,"ELEVTYP_T":0},"geometry":{"type":"LineString","coordinates":[[-74.7038094811522,39.214141492542],[-74.704308949749,39.2144414925593]]}},{"type":"Feature","id":404288,"properties":{"OBJECTID":404288,"PRIMENAME":"Unnamed Segment","ELEVTYP_F":0,"ELEVTYP_T":0},"geometry":{"type":"LineString","coordinates":[[-74.7032933603702,39.2138314859659],[-74.7038094811522,39.214141492542]]}},{"type":"Feature","id":404289,"properties":{"OBJECTID":404289,"PRIMENAME":"Unnamed Segment","ELEVTYP_F":0,"ELEVTYP_T":0},"geometry":{"type":"LineString","coordinates":[[-74.7027915282315,39.2135300569511],[-74.7032933603702,39.2138314859659]]}},{"type":"Feature","id":404290,"properties":{"OBJECTID":404290,"PRIMENAME":"Unnamed Segment","ELEVTYP_F":0,"ELEVTYP_T":0},"geometry":{"type":"LineString","coordinates":[[-74.7022754140754,39.2132200449122],[-74.7027915282315,39.2135300569511]]}},{"type":"Feature","id":404291,"properties":{"OBJECTID":404291,"PRIMENAME":"Unnamed Segment","ELEVTYP_F":0,"ELEVTYP_T":0},"geometry":{"type":"LineString","coordinates":[[-74.7017718263196,39.2129175515327],[-74.7022754140754,39.2132200449122]]}},{"type":"Feature","id":404292,"properties":{"OBJECTID":404292,"PRIMENAME":"Unnamed Segment","ELEVTYP_F":0,"ELEVTYP_T":0},"geometry":{"type":"LineString","coordinates":[[-74.70125570836,39.2126075259339],[-74.7017718263196,39.2129175515327]]}},{"type":"Feature","id":404293,"properties":{"OBJECTID":404293,"PRIMENAME":"State Highway 50","ELEVTYP_F":0,"ELEVTYP_T":0},"geometry":{"type":"LineString","coordinates":[[-74.7072927355157,39.2151201485667],[-74.7073009607292,39.2151602686541],[-74.7073254557949,39.2153160733282],[-74.7073418561575,39.2154438306154],[-74.7073543233842,39.2155902934459],[-74.7073513947052,39.21572413601]]}}]}
